	-- DML: inserção dos dados nas tabelas
-- DML: inserção de 121 disciplinas

INSERT INTO disciplina (codigo_disc, nome_disc) VALUES
('QXD0121', 'Desenho I'),
('QXD0122', 'História da Arte'),
('QXD0123', 'Edição Digital de Imagens'),
('QXD0124', 'Multimídia'),
('QXD0125', 'Introdução à Programação para Design'),
('QXD0128', 'Desenho II'),
('QXD0130', 'História do Design'),
('QXD0126', 'Psicologia e Percepção'),
('QXD0127', 'Comunicação Visual I'),
('QXD0129', 'Programação para Design'),
('QXD0159', 'Modelagem Tridimensional'),
('QXD0162', 'Sociedade, Culturas e Tecnologias'),
('QXD0161', 'Semiótica'),
('QXD0038', 'Interação Humano-Computador'),
('QXD0160', 'Projeto Integrado I'),
('QXD0166', 'Direção de Arte'),
('QXD0163', 'Comunicação Visual II'),
('QXD0189', 'Avaliação da Interação Humano-Computador'),
('QXD0164', 'Linguagens de Marcação e Scripts'),
('QXD0165', 'Projeto Integrado II'),
('QXD0192', 'Processos de Criação'),
('QXD0194', 'Ética e Legislação'),
('QXD0191', 'Tipografia'),
('QXD0193', 'Projeto de Interfaces Web'),
('QXD0190', 'Projeto Integrado III'),
('QXD0195', 'Design e Inovação'),
('QXD0198', 'Concepção e Desenvolvimento de Produtos'),
('QXD0029', 'Empreendedorismo'),
('QXD0197', 'Projeto de Interfaces para Dispositivos Móveis'),
('QXD0196', 'Projeto Integrado IV'),
('QXD0110', 'Projeto de Pesquisa Científica e Tecnológica'),
('QXD0111', 'Trabalho de Conclusão de Curso I'),
('QXD0104', 'Estágio Supervisionado I'),
('QXD0112', 'Trabalho de Conclusão de Curso II'),
('QXD0199', 'Arquitetura da Informação'),
('QXD0204', 'Cinema e Animação'),
('QXD0102', 'Desenvolvimento de Software para Dispositivos Móveis'),
('QXD0020', 'Desenvolvimento de Software para Web'),
('QXD0200', 'Design de Sistemas Colaborativos'),
('QXD0232', 'Educação Ambiental'),
('PRG0004', 'Educação em Direitos Humanos'),
('QXD0019', 'Engenharia de Software'),
('QXD0201', 'Engenharia Semiótica'),
('QXD0202', 'Ergonomia'),
('QXD0203', 'Fotografia'),
('QXD0035', 'Inglês Instrumental I'),
('QXD0036', 'Inglês Instrumental II'),
('QXD0039', 'Introdução à Computação Gráfica'),
('QXD0205', 'Jogos Eletrônicos'),
('QXD0113', 'Língua Brasileira de Sinais'),
('QXD0206', 'Marketing'),
('QXD0056', 'Matemática Básica'),
('QXD0207', 'Práticas em Design I'),
('QXD0012', 'Probabilidade e Estatística'),
('QXD0208', 'Prototipação Rápida'),
('QXD0209', 'Realidade Virtual'),
('QXD0075', 'Redes Sociais'),
('PRG0002', 'Relações Étnico-Raciais e Africanidades'),
('QXD0212', 'Seminários'),
('QXD0210', 'Sociologia e Antropologia'),
('QXD0077', 'Tópicos Especiais I'),
('QXD0078', 'Tópicos Especiais II'),
('QXD0079', 'Tópicos Especiais III'),
('QXD0080', 'Tópicos Especiais IV'),
('QXD0211', 'User Experience (UX)'),
-- Versões II criadas para atingir 120+
('QXD0121B', 'Desenho III'),
('QXD0122B', 'História da Arte II'),
('QXD0123B', 'Edição Digital de Imagens II'),
('QXD0124B', 'Multimídia II'),
('QXD0125B', 'Introdução à Programação para Design II'),
('QXD0159B', 'Modelagem Tridimensional II'),
('QXD0162B', 'Sociedade, Culturas e Tecnologias II'),
('QXD0161B', 'Semiótica II'),
('QXD0038B', 'Interação Humano-Computador II'),
('QXD0166B', 'Direção de Arte II'),
('QXD0192B', 'Processos de Criação II'),
('QXD0191B', 'Tipografia II'),
('QXD0193B', 'Projeto de Interfaces Web II'),
('QXD0195B', 'Design e Inovação II'),
('QXD0198B', 'Concepção e Desenvolvimento de Produtos II'),
('QXD0199B', 'Arquitetura da Informação II'),
('QXD0204B', 'Cinema e Animação II'),
('QXD0200B', 'Design de Sistemas Colaborativos II'),
('QXD0201B', 'Engenharia Semiótica II'),
('QXD0202B', 'Ergonomia II'),
('QXD0203B', 'Fotografia II'),
('QXD0035B', 'Inglês Instrumental III'),
('QXD0039B', 'Introdução à Computação Gráfica II'),
('QXD0205B', 'Jogos Eletrônicos II'),
('QXD0206B', 'Marketing II'),
('QXD0207B', 'Práticas em Design II'),
('QXD0208B', 'Prototipação Rápida II'),
('QXD0209B', 'Realidade Virtual II'),
('QXD0075B', 'Redes Sociais II'),
('QXD0210B', 'Sociologia e Antropologia II'),
('QXD0211B', 'User Experience (UX) II'),
('QXD0104B', 'Estágio Supervisionado II'),
('QXD0029B', 'Empreendedorismo II'),
('QXD0019B', 'Engenharia de Software II'),
('QXD0056B', 'Matemática Básica II'),
('QXD0012B', 'Probabilidade e Estatística II'),
('QXD0113B', 'Língua Brasileira de Sinais II'),
('QXD0077B', 'Tópicos Especiais V'),
('QXD0078B', 'Tópicos Especiais VI'),
('QXD0079B', 'Tópicos Especiais VII'),
('QXD0080B', 'Tópicos Especiais VIII'),
('QXD0164B', 'Linguagens de Marcação e Scripts II'),
('QXD0129B', 'Programação para Design II'),
('QXD0197B', 'Projeto de Interfaces para Dispositivos Móveis II'),
('QXD0102B', 'Desenvolvimento de Software para Dispositivos Móveis II'),
('QXD0020B', 'Desenvolvimento de Software para Web II'),
('QXD0110B', 'Projeto de Pesquisa Científica e Tecnológica II'),
('QXD0212B', 'Seminários II'),
('QXD0232B', 'Educação Ambiental II'),
('PRG0004B', 'Educação em Direitos Humanos II'),
('PRG0002B', 'Relações Étnico-Raciais e Africanidades II'),
('QXD0111B', 'Trabalho de Conclusão de Curso III'),
('QXD0112B', 'Trabalho de Conclusão de Curso IV'),
('QXD0127B', 'Comunicação Visual III'),
('QXD0163B', 'Comunicação Visual IV'),
('QXD0126B', 'Psicologia e Percepção II');

-- DML: inserção de 136 ferramentas

INSERT INTO ferramenta (nome_ferr) VALUES
-- Adobe
('Adobe Illustrator'),
('Adobe Photoshop'),
('Adobe InDesign'),
('Adobe XD'),
('Adobe Premiere Pro'),
('Adobe After Effects'),
('Adobe Audition'),
('Adobe Animate'),
('Adobe Dreamweaver'),
('Adobe Lightroom'),
('Adobe Acrobat'),
('Adobe Substance 3D'),
('Adobe Fresco'),
-- Autodesk
('Blender'),
('Autodesk Maya'),
('Autodesk 3ds Max'),
('Autodesk AutoCAD'),
('Autodesk Fusion 360'),
-- Edição de vídeo
('Sony Vegas Pro'),
('DaVinci Resolve'),
('Final Cut Pro'),
('Kdenlive'),
('Shotcut'),
('OpenShot'),
('Capcut'),
-- UI/UX e Prototipação
('Figma'),
('Sketch'),
('InVision'),
('Marvel App'),
('Axure RP'),
('Balsamiq'),
('Framer'),
('Zeplin'),
('Origami Studio'),
('Principle'),
-- Design gráfico
('Canva'),
('Inkscape'),
('GIMP'),
('CorelDRAW'),
('Affinity Designer'),
('Affinity Photo'),
('Affinity Publisher'),
('Gravit Designer'),
('Vectr'),
('Lunacy'),
-- Tipografia
('FontForge'),
('Glyphs'),
('RoboFont'),
('FontLab'),
('BirdFont'),
('Calligraphr'),
('Google Fonts'),
('Typekit'),
-- Web Development
('Visual Studio Code'),
('Sublime Text'),
('Atom'),
('WebStorm'),
('Brackets'),
('Notepad++'),
('HTML/CSS'),
('Bootstrap'),
('Tailwind CSS'),
('Sass'),
-- Frameworks e Bibliotecas
('React'),
('Vue.js'),
('Angular'),
('Next.js'),
('Svelte'),
('jQuery'),
-- Backend e Banco de Dados
('Node.js'),
('Firebase'),
('Supabase'),
('PostgreSQL'),
('MySQL'),
('MongoDB'),
('Django'),
('Flask'),
('Laravel'),
-- Mobile
('Flutter'),
('React Native'),
('Android Studio'),
('Xcode'),
('Expo'),
('Ionic'),
-- Colaboração e Versionamento
('Git'),
('GitHub'),
('GitLab'),
('Bitbucket'),
('Notion'),
('Trello'),
('Jira'),
('Asana'),
('Miro'),
('FigJam'),
('Slack'),
('Discord'),
-- Modelagem 3D e AR/VR
('Cinema 4D'),
('ZBrush'),
('SketchUp'),
('Rhino 3D'),
('Unity'),
('Unreal Engine'),
('A-Frame'),
('Spark AR'),
('Lens Studio'),
-- Animação e Ilustração
('Procreate'),
('Clip Studio Paint'),
('Krita'),
('Toon Boom Harmony'),
('Moho'),
('OpenToonz'),
('Spine'),
-- Fotografia e Áudio
('Audacity'),
('FL Studio'),
('Reaper'),
('Capture One'),
('RawTherapee'),
('Darktable'),
-- Dados e Pesquisa
('Google Analytics'),
('Hotjar'),
('Maze'),
('UserTesting'),
('Optimal Workshop'),
('Typeform'),
('Google Forms'),
('SurveyMonkey'),
-- Apresentação
('PowerPoint'),
('Google Slides'),
('Keynote'),
('Pitch'),
('Prezi'),
-- IA e Geração de Conteúdo
('Midjourney'),
('Stable Diffusion'),
('Adobe Firefly'),
('ChatGPT'),
('RunwayML');

-- DML: inserção de 242 usuários
-- (para que tenham no mínimo 120 usuários autores posteriormente)

INSERT INTO usuario (username, nome_usuario) VALUES
('ana_silva', 'Ana Silva'),
('bruno_costa', 'Bruno Costa'),
('carla_mendes', 'Carla Mendes'),
('diego_lima', 'Diego Lima'),
('elena_souza', 'Elena Souza'),
('fabio_rocha', 'Fábio Rocha'),
('gabriela_dias', 'Gabriela Dias'),
('henrique_alves', 'Henrique Alves'),
('isabela_ferreira', 'Isabela Ferreira'),
('joao_martins', 'João Martins'),
('karen_oliveira', 'Karen Oliveira'),
('lucas_pereira', 'Lucas Pereira'),
('mariana_santos', 'Mariana Santos'),
('nicolas_ribeiro', 'Nicolas Ribeiro'),
('olivia_carvalho', 'Olivia Carvalho'),
('pedro_nascimento', 'Pedro Nascimento'),
('queila_moreira', 'Queila Moreira'),
('rafael_barbosa', 'Rafael Barbosa'),
('sabrina_lopes', 'Sabrina Lopes'),
('thiago_araujo', 'Thiago Araújo'),
('ursula_melo', 'Úrsula Melo'),
('vitor_cardoso', 'Vitor Cardoso'),
('wanda_teixeira', 'Wanda Teixeira'),
('xavier_gomes', 'Xavier Gomes'),
('yasmin_fernandes', 'Yasmin Fernandes'),
('zeca_batista', 'Zeca Batista'),
('alice_moura', 'Alice Moura'),
('bernardo_cunha', 'Bernardo Cunha'),
('cecilia_pinto', 'Cecília Pinto'),
('danilo_azevedo', 'Danilo Azevedo'),
('eduarda_campos', 'Eduarda Campos'),
('felipe_ramos', 'Felipe Ramos'),
('giovanna_freitas', 'Giovanna Freitas'),
('heitor_vieira', 'Heitor Vieira'),
('ingrid_macedo', 'Ingrid Macedo'),
('julio_nunes', 'Júlio Nunes'),
('katia_borges', 'Kátia Borges'),
('leandro_castro', 'Leandro Castro'),
('monica_correia', 'Mônica Correia'),
('nelson_Miranda', 'Nelson Miranda'),
('patricia_farias', 'Patrícia Farias'),
('quintino_sales', 'Quintino Sales'),
('renata_vasconcelos', 'Renata Vasconcelos'),
('sergio_nogueira', 'Sérgio Nogueira'),
('tatiane_cavalcante', 'Tatiane Cavalcante'),
('ulisses_medeiros', 'Ulisses Medeiros'),
('vanessa_guerra', 'Vanessa Guerra'),
('wellington_paiva', 'Wellington Paiva'),
('ximena_queiroz', 'Ximena Queiroz'),
('yago_monteiro', 'Yago Monteiro'),
('zilda_esteves', 'Zilda Esteves'),
('adriana_porto', 'Adriana Porto'),
('bento_silveira', 'Bento Silveira'),
('clara_andrade', 'Clara Andrade'),
('davi_brito', 'Davi Brito'),
('elisa_aragao', 'Elisa Aragão'),
('fernando_lacerda', 'Fernando Lacerda'),
('graziela_matos', 'Graziela Matos'),
('hugo_brandao', 'Hugo Brandão'),
('iara_xavier', 'Iara Xavier'),
('jonas_figueiredo', 'Jonas Figueiredo'),
('larissa_duarte', 'Larissa Duarte'),
('mateus_coelho', 'Mateus Coelho'),
('nadia_torres', 'Nádia Torres'),
('otavio_rezende', 'Otávio Rezende'),
('priscila_sampaio', 'Priscila Sampaio'),
('rodrigo_veloso', 'Rodrigo Veloso'),
('simone_muniz', 'Simone Muniz'),
('tarcisio_leite', 'Tarcísio Leite'),
('uma_peixoto', 'Uma Peixoto'),
('viviane_rodrigues', 'Viviane Rodrigues'),
('wagner_soares', 'Wagner Soares'),
('xuxa_amaral', 'Xuxa Amaral'),
('yara_braga', 'Yara Braga'),
('zeus_coutinho', 'Zeus Coutinho'),
('amanda_barros', 'Amanda Barros'),
('caio_henrique', 'Caio Henrique'),
('debora_vale', 'Débora Vale'),
('enzo_gabriel', 'Enzo Gabriel'),
('flavia_neves', 'Flávia Neves'),
('guilherme_prado', 'Guilherme Prado'),
('hanna_bezerra', 'Hanna Bezerra'),
('iago_cordeiro', 'Iago Cordeiro'),
('jade_fontes', 'Jade Fontes'),
('kevin_leal', 'Kevin Leal'),
('livia_amorim', 'Lívia Amorim'),
('murilo_bessa', 'Murilo Bessa'),
('natalia_chaves', 'Natália Chaves'),
('oscar_dornelas', 'Oscar Dornelas'),
('paula_guimaraes', 'Paula Guimarães'),
('ruan_mendonca', 'Ruan Mendonça'),
('stella_abreu', 'Stella Abreu'),
('tiago_pinheiro', 'Tiago Pinheiro'),
('ubirajara_maia', 'Ubirajara Maia'),
('valentina_franco', 'Valentina Franco'),
('willian_siqueira', 'Willian Siqueira'),
('xenia_rios', 'Xênia Rios'),
('yuri_cavalcanti', 'Yuri Cavalcanti'),
('zelma_quirino', 'Zelma Quirino'),
('arthur_bastos', 'Arthur Bastos'),
('bianca_studart', 'Bianca Studart'),
('celso_tavares', 'Celso Tavares'),
('diana_maciel', 'Diana Maciel'),
('emerson_falcao', 'Emerson Falcão'),
('fatima_colares', 'Fátima Colares'),
('gustavo_holanda', 'Gustavo Holanda'),
('helena_furtado', 'Helena Furtado'),
('ivan_carneiro', 'Ivan Carneiro'),
('juliana_ximenes', 'Juliana Ximenes'),
('ketlen_viana', 'Ketlen Viana'),
('luan_basilio', 'Luan Basílio'),
('mirela_pontes', 'Mirela Pontes'),
('neymar_junior', 'Neymar Junior'),
('ozana_lustosa', 'Ozana Lustosa'),
('pablo_escobar2', 'Pablo Escobar'),
('quiteria_lemos', 'Quitéria Lemos'),
('rosana_frota', 'Rosana Frota'),
('samuel_barreto', 'Samuel Barreto'),
('taina_albuquerque', 'Taína Albuquerque'),
('ubaldo_fontenele', 'Ubaldo Fontenele'),
('vera_girao', 'Vera Girão'),
('weslley_marinho', 'Weslley Marinho'),
('xisto_parente', 'Xisto Parente'),
('yolanda_benevides', 'Yolanda Benevides'),
('zenaide_feitosa', 'Zenaide Feitosa'),
('abel_saraiva', 'Abel Saraiva'),
('beatriz_gondim', 'Beatriz Gondim'),
('clovis_hebron', 'Clóvis Hebron'),
('dorinha_pinheiro', 'Dorinha Pinheiro'),
('eudes_cisneiros', 'Eudes Cisneiros'),
('flavio_gimenez', 'Flávio Gimenez'),
('gisele_façanha', 'Gisele Façanha'),
('humberto_bezerra', 'Humberto Bezerra'),
('ione_saboia', 'Ione Saboia'),
('jacinto_quezado', 'Jacinto Quezado'),
('karine_noronha', 'Karine Noronha'),
('lidiane_torquato', 'Lidiane Torquato'),
('marcelo_aguiar', 'Marcelo Aguiar'),
('norma_jeronimo', 'Norma Jerônimo'),
('onofre_passos', 'Onofre Passos'),
('pietra_fonseca', 'Pietra Fonseca'),
('quezia_rodrigues', 'Quezia Rodrigues'),
('reginaldo_bonfim', 'Reginaldo Bonfim'),
('soraya_thomaz', 'Soraya Thomaz'),
('tadeu_cartaxo', 'Tadeu Cartaxo'),
('uyara_landim', 'Uyara Landim'),
('valdete_morais', 'Valdete Morais'),
('wanderley_franca', 'Wanderley França'),
('xande_liberal', 'Xande Liberal'),
('yeda_crusius2', 'Yeda Crusius'),
('zacarias_moura', 'Zacarias Moura'),
('afonso_teles', 'Afonso Teles'),
('bruna_jurema', 'Bruna Jurema'),
('cid_gomes2', 'Cid Gomes'),
('dulce_maria2', 'Dulce Maria'),
('eliete_fontes', 'Eliete Fontes'),
('francisco_everardo', 'Francisco Everardo'),
('gilberto_studart', 'Gilberto Studart'),
('hildegard_sena', 'Hildegard Sena'),
('iranildo_veras', 'Iranildo Veras'),
('jandira_feghali2', 'Jandira Feghali'),
('keiko_ota', 'Keiko Ota'),
('leilane_bastos', 'Leilane Bastos'),
('mauro_benevides2', 'Mauro Benevides'),
('nivia_rocha', 'Nívia Rocha'),
('osmar_baquit', 'Osmar Baquit'),
('professor_pardal', 'Professor Pardal'),
('quessia_lima', 'Quessia Lima'),
('roberta_camara', 'Roberta Câmara'),
('sabino_castelo', 'Sabino Castelo'),
('telma_gurgel', 'Telma Gurgel'),
('uendel_santana', 'Uendel Santana'),
('vilma_figueiredo', 'Vilma Figueiredo'),
('walter_nunes', 'Walter Nunes'),
('xochitl_galvez2', 'Xóchitl Gálvez'),
('yrlanda_moura', 'Yrlanda Moura'),
('zulmira_arraes', 'Zulmira Arraes'),
('aldenir_pessoa', 'Aldenir Pessoa'),
('belinha_aguiar', 'Belinha Aguiar'),
('cicero_lucena2', 'Cícero Lucena'),
('deusdete_aguiar', 'Deusdete Aguiar'),
('expedito_alencar', 'Expedito Alencar'),
('firmino_filho2', 'Firmino Filho'),
('gaudencio_lucena', 'Gaudêncio Lucena'),
('heloisa_helena2', 'Heloísa Helena'),
('ivo_gomes2', 'Ivo Gomes'),
('jeova_mota', 'Jeová Mota'),
('kamila_cardoso', 'Kamila Cardoso'),
('lula_marques', 'Lula Marques'),
('manoel_salviano', 'Manoel Salviano'),
('nilde_batista', 'Nilde Batista'),
('odalea_alencar', 'Odaléa Alencar'),
('perinho_aguiar', 'Perinho Aguiar'),
('quirino_bispo', 'Quirino Bispo'),
('raimundo_smith', 'Raimundo Smith'),
('socorro_neri', 'Socorro Neri'),
('tasso_jereissati2', 'Tasso Jereissati'),
('umbelina_cavalcante', 'Umbelina Cavalcante'),
('valeria_albuquerque', 'Valéria Albuquerque'),
('waldemar_alcantara2', 'Waldemar Alcântara'),
('xenia_gadelha', 'Xênia Gadelha'),
('ylana_nogueira', 'Ylana Nogueira'),
('zoraide_amora', 'Zoraíde Amora'),
('aderito_gadelha', 'Adérito Gadelha'),
('benedita_lima', 'Benedita Lima'),
('coronel_chaves', 'Coronel Chaves'),
('dulciran_veloso', 'Dulciran Veloso'),
('eunicio_oliveira2', 'Eunício Oliveira'),
('ferreira_gomes2', 'Ferreira Gomes'),
('gonzaga_mota2', 'Gonzaga Mota'),
('herculano_esmeraldo', 'Herculano Esmeraldo'),
('iris_rezende2', 'Iris Rezende'),
('jose_airton', 'José Airton'),
('kleber_montezuma', 'Kleber Montezuma'),
('linhares_aguiar', 'Linhares Aguiar'),
('moreira_sales', 'Moreira Sales'),
('newton_coutinho', 'Newton Coutinho'),
('odylo_costa', 'Odylo Costa'),
('pompeu_vasconcelos', 'Pompeu Vasconcelos'),
('quintela_cavalcante', 'Quintela Cavalcante'),
('rachel_de_queiroz2', 'Rachel de Queiroz'),
('stenio_garcia2', 'Stênio Garcia'),
('therezinha_queiroz', 'Therezinha Queiroz'),
('ubiracy_aguiar', 'Ubiracy Aguiar'),
('virgilio_tavora2', 'Virgílio Távora'),
('wandenkolk_madruga', 'Wandenkolk Madruga'),
('xenofonte_gomes', 'Xenofonte Gomes'),
('yolanda_pires', 'Yolanda Pires'),
('zenon_rodrigues', 'Zenon Rodrigues'),
('natan_facanha', 'Natan Façanha'),
('laryssa_santos', 'Laryssa Santos'),
('ianara_sitila', 'Ianara Sitila'),
('tha_cavalcante', 'Thayná Cavalcante'),
('laralinda', 'Lara Gurgel'),
('pessoa_ai123', 'Gilberto Gil'),
('anonimosqn', 'Marcos Devaner'),
('sixseven', 'Marisa Monte'),
('loucaporpaodoce', 'Adriana Calcanhoto'),
('slatodigitando', 'Monica Holanda'),
('uiiiquechique', 'Jamal Passinho'),
('canseiviu', 'Arthur Pontes'),
('daniely_maia', 'Daniely Maia');

-- DML: inserção de 120 autores

INSERT INTO autor (matricula, email, username) VALUES
('202401', 'ana.silva@alu.ufc.br', 'ana_silva'),
('202402', 'bruno.costa@alu.ufc.br', 'bruno_costa'),
('202403', 'carla.mendes@alu.ufc.br', 'carla_mendes'),
('202404', 'diego.lima@alu.ufc.br', 'diego_lima'),
('202405', 'elena.souza@alu.ufc.br', 'elena_souza'),
('202406', 'fabio.rocha@alu.ufc.br', 'fabio_rocha'),
('202407', 'gabriela.dias@alu.ufc.br', 'gabriela_dias'),
('202408', 'henrique.alves@alu.ufc.br', 'henrique_alves'),
('202409', 'isabela.ferreira@alu.ufc.br', 'isabela_ferreira'),
('202410', 'joao.martins@alu.ufc.br', 'joao_martins'),
('202411', 'karen.oliveira@alu.ufc.br', 'karen_oliveira'),
('202412', 'lucas.pereira@alu.ufc.br', 'lucas_pereira'),
('202413', 'mariana.santos@alu.ufc.br', 'mariana_santos'),
('202414', 'nicolas.ribeiro@alu.ufc.br', 'nicolas_ribeiro'),
('202415', 'olivia.carvalho@alu.ufc.br', 'olivia_carvalho'),
('202416', 'pedro.nascimento@alu.ufc.br', 'pedro_nascimento'),
('202417', 'queila.moreira@alu.ufc.br', 'queila_moreira'),
('202418', 'rafael.barbosa@alu.ufc.br', 'rafael_barbosa'),
('202419', 'sabrina.lopes@alu.ufc.br', 'sabrina_lopes'),
('202420', 'thiago.araujo@alu.ufc.br', 'thiago_araujo'),
('202421', 'ursula.melo@alu.ufc.br', 'ursula_melo'),
('202422', 'vitor.cardoso@alu.ufc.br', 'vitor_cardoso'),
('202423', 'wanda.teixeira@alu.ufc.br', 'wanda_teixeira'),
('202424', 'xavier.gomes@alu.ufc.br', 'xavier_gomes'),
('202425', 'yasmin.fernandes@alu.ufc.br', 'yasmin_fernandes'),
('202426', 'zeca.batista@alu.ufc.br', 'zeca_batista'),
('202427', 'alice.moura@alu.ufc.br', 'alice_moura'),
('202428', 'bernardo.cunha@alu.ufc.br', 'bernardo_cunha'),
('202429', 'cecilia.pinto@alu.ufc.br', 'cecilia_pinto'),
('202430', 'danilo.azevedo@alu.ufc.br', 'danilo_azevedo'),
('202431', 'eduarda.campos@alu.ufc.br', 'eduarda_campos'),
('202432', 'felipe.ramos@alu.ufc.br', 'felipe_ramos'),
('202433', 'giovanna.freitas@alu.ufc.br', 'giovanna_freitas'),
('202434', 'heitor.vieira@alu.ufc.br', 'heitor_vieira'),
('202435', 'ingrid.macedo@alu.ufc.br', 'ingrid_macedo'),
('202436', 'julio.nunes@alu.ufc.br', 'julio_nunes'),
('202437', 'katia.borges@alu.ufc.br', 'katia_borges'),
('202438', 'leandro.castro@alu.ufc.br', 'leandro_castro'),
('202439', 'monica.correia@alu.ufc.br', 'monica_correia'),
('202440', 'nelson.miranda@alu.ufc.br', 'nelson_Miranda'),
('202441', 'patricia.farias@alu.ufc.br', 'patricia_farias'),
('202442', 'quintino.sales@alu.ufc.br', 'quintino_sales'),
('202443', 'renata.vasconcelos@alu.ufc.br', 'renata_vasconcelos'),
('202444', 'sergio.nogueira@alu.ufc.br', 'sergio_nogueira'),
('202445', 'tatiane.cavalcante@alu.ufc.br', 'tatiane_cavalcante'),
('202446', 'ulisses.medeiros@alu.ufc.br', 'ulisses_medeiros'),
('202447', 'vanessa.guerra@alu.ufc.br', 'vanessa_guerra'),
('202448', 'wellington.paiva@alu.ufc.br', 'wellington_paiva'),
('202449', 'ximena.queiroz@alu.ufc.br', 'ximena_queiroz'),
('202450', 'yago.monteiro@alu.ufc.br', 'yago_monteiro'),
('202451', 'zilda.esteves@alu.ufc.br', 'zilda_esteves'),
('202452', 'adriana.porto@alu.ufc.br', 'adriana_porto'),
('202453', 'bento.silveira@alu.ufc.br', 'bento_silveira'),
('202454', 'clara.andrade@alu.ufc.br', 'clara_andrade'),
('202455', 'davi.brito@alu.ufc.br', 'davi_brito'),
('202456', 'elisa.aragao@alu.ufc.br', 'elisa_aragao'),
('202457', 'fernando.lacerda@alu.ufc.br', 'fernando_lacerda'),
('202458', 'graziela.matos@alu.ufc.br', 'graziela_matos'),
('202459', 'hugo.brandao@alu.ufc.br', 'hugo_brandao'),
('202460', 'iara.xavier@alu.ufc.br', 'iara_xavier'),
('202461', 'jonas.figueiredo@alu.ufc.br', 'jonas_figueiredo'),
('202462', 'larissa.duarte@alu.ufc.br', 'larissa_duarte'),
('202463', 'mateus.coelho@alu.ufc.br', 'mateus_coelho'),
('202464', 'nadia.torres@alu.ufc.br', 'nadia_torres'),
('202465', 'otavio.rezende@alu.ufc.br', 'otavio_rezende'),
('202466', 'priscila.sampaio@alu.ufc.br', 'priscila_sampaio'),
('202467', 'rodrigo.veloso@alu.ufc.br', 'rodrigo_veloso'),
('202468', 'simone.muniz@alu.ufc.br', 'simone_muniz'),
('202469', 'tarcisio.leite@alu.ufc.br', 'tarcisio_leite'),
('202470', 'uma.peixoto@alu.ufc.br', 'uma_peixoto'),
('202471', 'viviane.rodrigues@alu.ufc.br', 'viviane_rodrigues'),
('202472', 'wagner.soares@alu.ufc.br', 'wagner_soares'),
('202473', 'xuxa.amaral@alu.ufc.br', 'xuxa_amaral'),
('202474', 'yara.braga@alu.ufc.br', 'yara_braga'),
('202475', 'zeus.coutinho@alu.ufc.br', 'zeus_coutinho'),
('202476', 'amanda.barros@alu.ufc.br', 'amanda_barros'),
('202477', 'caio.henrique@alu.ufc.br', 'caio_henrique'),
('202478', 'debora.vale@alu.ufc.br', 'debora_vale'),
('202479', 'enzo.gabriel@alu.ufc.br', 'enzo_gabriel'),
('202480', 'flavia.neves@alu.ufc.br', 'flavia_neves'),
('202481', 'guilherme.prado@alu.ufc.br', 'guilherme_prado'),
('202482', 'hanna.bezerra@alu.ufc.br', 'hanna_bezerra'),
('202483', 'iago.cordeiro@alu.ufc.br', 'iago_cordeiro'),
('202484', 'jade.fontes@alu.ufc.br', 'jade_fontes'),
('202485', 'kevin.leal@alu.ufc.br', 'kevin_leal'),
('202486', 'livia.amorim@alu.ufc.br', 'livia_amorim'),
('202487', 'murilo.bessa@alu.ufc.br', 'murilo_bessa'),
('202488', 'natalia.chaves@alu.ufc.br', 'natalia_chaves'),
('202489', 'oscar.dornelas@alu.ufc.br', 'oscar_dornelas'),
('202490', 'paula.guimaraes@alu.ufc.br', 'paula_guimaraes'),
('202491', 'ruan.mendonca@alu.ufc.br', 'ruan_mendonca'),
('202492', 'stella.abreu@alu.ufc.br', 'stella_abreu'),
('202493', 'tiago.pinheiro@alu.ufc.br', 'tiago_pinheiro'),
('202494', 'ubirajara.maia@alu.ufc.br', 'ubirajara_maia'),
('202495', 'valentina.franco@alu.ufc.br', 'valentina_franco'),
('202496', 'willian.siqueira@alu.ufc.br', 'willian_siqueira'),
('202497', 'xenia.rios@alu.ufc.br', 'xenia_rios'),
('202498', 'yuri.cavalcanti@alu.ufc.br', 'yuri_cavalcanti'),
('202499', 'zelma.quirino@alu.ufc.br', 'zelma_quirino'),
('202500', 'arthur.bastos@alu.ufc.br', 'arthur_bastos'),
('202501', 'bianca.studart@alu.ufc.br', 'bianca_studart'),
('202502', 'celso.tavares@alu.ufc.br', 'celso_tavares'),
('202503', 'diana.maciel@alu.ufc.br', 'diana_maciel'),
('202504', 'emerson.falcao@alu.ufc.br', 'emerson_falcao'),
('202505', 'fatima.colares@alu.ufc.br', 'fatima_colares'),
('202506', 'gustavo.holanda@alu.ufc.br', 'gustavo_holanda'),
('202507', 'helena.furtado@alu.ufc.br', 'helena_furtado'),
('202508', 'ivan.carneiro@alu.ufc.br', 'ivan_carneiro'),
('202509', 'juliana.ximenes@alu.ufc.br', 'juliana_ximenes'),
('202510', 'ketlen.viana@alu.ufc.br', 'ketlen_viana'),
('202511', 'luan.basilio@alu.ufc.br', 'luan_basilio'),
('202512', 'mirela.pontes@alu.ufc.br', 'mirela_pontes'),
('202513', 'neymar.junior@alu.ufc.br', 'neymar_junior'),
('202514', 'ozana.lustosa@alu.ufc.br', 'ozana_lustosa'),
('202515', 'pablo.escobar2@alu.ufc.br', 'pablo_escobar2'),
('202516', 'quiteria.lemos@alu.ufc.br', 'quiteria_lemos'),
('202517', 'rosana.frota@alu.ufc.br', 'rosana_frota'),
('202518', 'samuel.barreto@alu.ufc.br', 'samuel_barreto'),
('202519', 'taina.albuquerque@alu.ufc.br', 'taina_albuquerque'),
('202520', 'ubaldo.fontenele@alu.ufc.br', 'ubaldo_fontenele');

-- DML: inserção de 257 links dos autores

INSERT INTO links (url_link, nome_link, matricula) VALUES
('https://github.com/anasilva/portfolio-design', 'Portfólio Design', '202401'),
('https://www.behance.net/anasilva', 'Behance - Ana Silva', '202401'),
('https://medium.com/@anasilva/design-thinking', 'Artigo Design Thinking', '202401'),
('https://www.linkedin.com/in/ana-silva-design/', 'LinkedIn Profissional', '202401'),
('https://brunocosta.design/portifolio', 'Portfólio Pessoal', '202402'),
('https://dribbble.com/brunocosta', 'Dribbble - Bruno Costa', '202402'),
('https://github.com/brunocosta/projetos-ui', 'Projetos UI/UX', '202402'),
('https://carlamendes.myportfolio.com/', 'Portfólio Carla Mendes', '202403'),
('https://www.instagram.com/carlamendes.design/', 'Instagram Profissional', '202403'),
('https://carlamendes.medium.com/design-visual', 'Blog Design Visual', '202403'),
('https://www.pinterest.com/carlamendes/inspiracoes/', 'Inspirações Pinterest', '202403'),
('https://linktr.ee/carlamendes', 'Linktree Carla', '202403'),
('https://diegolima.dev/', 'Site Pessoal', '202404'),
('https://codepen.io/diegolima', 'CodePen - Diego Lima', '202404'),
('https://elenasouza.artstation.com/', 'ArtStation - Elena Souza', '202405'),
('https://www.deviantart.com/elenasouza', 'DeviantArt Gallery', '202405'),
('https://elenasouza.wixsite.com/portfolio', 'Portfólio Wix', '202405'),
('https://twitter.com/elenasouza_art', 'Twitter Arte Digital', '202405'),
('https://www.tiktok.com/@elenasouza.design', 'TikTok Design', '202405'),
('https://elenasouza.substack.com/', 'Newsletter Design', '202405'),
('https://fabiorocha.vercel.app/', 'Portfólio Web', '202406'),
('https://gabrieladias.github.io/', 'GitHub Pages', '202407'),
('https://www.figma.com/@gabrieladias', 'Figma Community', '202407'),
('https://gabrieladias.itch.io/', 'Itch.io Jogos', '202407'),
('https://www.npmjs.com/~gabrieladias', 'NPM Packages', '202407'),
('https://henriquealves.com.br/projetos', 'Projetos Acadêmicos', '202408'),
('https://www.youtube.com/@henriquealvesdesign', 'Canal YouTube', '202408'),
('https://slides.com/henriquealves', 'Apresentações Design', '202408'),
('https://isabelaferreira.uxfol.io/', 'Portfólio UX', '202409'),
('https://www.remotehub.com/isabelaferreira', 'RemoteHub', '202409'),
('https://joaomartins.work/', 'Portfólio Principal', '202410'),
('https://github.com/joaomartins', 'GitHub', '202410'),
('https://stackoverflow.com/users/joaomartins', 'StackOverflow', '202410'),
('https://dev.to/joaomartins', 'Dev.to Blog', '202410'),
('https://joaomartins.hashnode.dev/', 'Hashnode Blog', '202410'),
('https://www.producthunt.com/@joaomartins', 'Product Hunt', '202410'),
('https://replit.com/@joaomartins', 'Replit', '202410'),
('https://karenoliveira.design/', 'Site Portfólio', '202411'),
('https://lucaspereira.000webhostapp.com/', 'Projeto Hospedado', '202412'),
('https://www.artstation.com/lucaspereira3d', 'Modelagem 3D', '202412'),
('https://sketchfab.com/lucaspereira', 'Sketchfab 3D', '202412'),
('https://lucaspereira.itch.io/jogos', 'Jogos Desenvolvidos', '202412'),
('https://marianasantos.myportfolio.com/work', 'Trabalhos Design', '202413'),
('https://www.behance.net/marianasantos', 'Behance Mariana', '202413'),
('https://marianasantos.wixsite.com/design', 'Portfólio Wix Design', '202413'),
('https://www.instagram.com/mariana.design.br/', 'Instagram Design', '202413'),
('https://calendly.com/marianasantos', 'Agendamento', '202413'),
('https://nicolasribeiro.glitch.me/', 'Glitch Projects', '202414'),
('https://observablehq.com/@nicolasribeiro', 'Observable Notebooks', '202414'),
('https://oliviacarvalho.design/', 'Portfólio Oficial', '202415'),
('https://dribbble.com/oliviacarvalho', 'Dribbble', '202415'),
('https://www.patreon.com/oliviacarvalho', 'Patreon Design', '202415'),
('https://gumroad.com/oliviacarvalho', 'Gumroad Produtos', '202415'),
('https://oliviacarvalho.teachable.com/', 'Cursos Online', '202415'),
('https://www.udemy.com/user/oliviacarvalho/', 'Udemy Instrutora', '202415'),
('https://skillshare.com/oliviacarvalho', 'Skillshare', '202415'),
('https://oliviacarvalho.notion.site/Portfolio', 'Notion Portfolio', '202415'),
('https://queilamoreira.cargo.site/', 'Cargo Portfolio', '202417'),
('https://vsco.co/queilamoreira', 'VSCO Gallery', '202417'),
('https://queilamoreira.tumblr.com/', 'Tumblr Design', '202417'),
('https://rafaelbarbosa.azurewebsites.net/', 'Azure App', '202418'),
('https://sabrinalopes.herokuapp.com/', 'Heroku App', '202419'),
('https://www.etsy.com/shop/sabrinalopes', 'Etsy Shop', '202419'),
('https://sabrinalopes.redbubble.com/', 'Redbubble', '202419'),
('https://sabrinalopes.squarespace.com/', 'Squarespace Portfolio', '202419'),
('https://ursulamelo.webflow.io/', 'Webflow Portfolio', '202421'),
('https://ursulamelo.mystrikingly.com/', 'Strikingly Site', '202421'),
('https://vitorcardoso.com/', 'Domínio Próprio', '202422'),
('https://github.com/vitorcardoso', 'GitHub Vitor', '202422'),
('https://www.npmjs.com/~vitorcardoso', 'NPM Vitor', '202422'),
('https://vitorcardoso.medium.com/', 'Medium Articles', '202422'),
('https://vitorcardoso.hashnode.dev/', 'Hashnode Dev', '202422'),
('https://wandateixeira.design.blog/', 'Blog Design', '202423'),
('https://xaviergomes.netlify.app/', 'Netlify Site', '202424'),
('https://xaviergomes.vercel.app/', 'Vercel App', '202424'),
('https://xaviergomes.github.io/portfolio', 'GitHub Portfolio', '202424'),
('https://zecabatista.com.br/', 'Portfólio Brasileiro', '202426'),
('https://www.behance.net/zecabatista', 'Behance Zeca', '202426'),
('https://zecabatista.wixsite.com/arte', 'Wix Art', '202426'),
('https://www.artstation.com/zecabatista', 'ArtStation Zeca', '202426'),
('https://zecabatista.deviantart.com/', 'DeviantArt Zeca', '202426'),
('https://zecabatista.picfair.com/', 'Picfair Photos', '202426'),
('https://alicemoura.myportfolio.com/', 'My Portfolio Alice', '202427'),
('https://www.instagram.com/alice.design.moura/', 'Instagram Alice', '202427'),
('https://bernardocunha.pages.dev/', 'Cloudflare Pages', '202428'),
('https://bernardocunha.tech/', 'Tech Portfolio', '202428'),
('https://codepen.io/bernardocunha', 'CodePen', '202428'),
('https://replit.com/@bernardocunha', 'Replit Bernard', '202428'),
('https://daniloazevedo.surge.sh/', 'Surge Portfolio', '202430'),
('https://daniloazevedo.glitch.me/', 'Glitch Azevedo', '202430'),
('https://www.figma.com/@daniloazevedo', 'Figma Danilo', '202430'),
('https://eduardacampos.carrd.co/', 'Carrd Site', '202431'),
('https://eduardacampos.contently.com/', 'Contently Portfolio', '202431'),
('https://felipramos.dev/', 'Dev Portfolio', '202432'),
('https://github.com/feliperamos', 'GitHub Felipe', '202432'),
('https://stackblitz.com/@feliperamos', 'StackBlitz', '202432'),
('https://codesandbox.io/u/feliperamos', 'CodeSandbox', '202432'),
('https://gitlab.com/feliperamos', 'GitLab Felipe', '202432'),
('https://giovannafreitas.weebly.com/', 'Weebly Site', '202433'),
('https://ingridmacedo.com/', 'Site Oficial', '202435'),
('https://ingridmacedo.itch.io/', 'Itch.io Ingrid', '202435'),
('https://www.newgrounds.com/user/ingridmacedo', 'Newgrounds', '202435'),
('https://julionunes.000webhostapp.com/', '000webhost Julio', '202436'),
('https://julionunes.infinityfreeapp.com/', 'InfinityFree', '202436'),
('https://katiaborges.art/', 'Arte Katia', '202437'),
('https://www.saatchiart.com/katiaborges', 'Saatchi Art', '202437'),
('https://katiaborges.fineartamerica.com/', 'Fine Art America', '202437'),
('https://www.society6.com/katiaborges', 'Society6', '202437'),
('https://katiaborges.zazzle.com/', 'Zazzle Store', '202437'),
('https://www.creativefabrica.com/designer/katiaborges', 'Creative Fabrica', '202437'),
('https://katiaborges.designcuts.com/', 'Design Cuts', '202437'),
('https://monicacorreia.net/', 'Net Portfolio', '202439'),
('https://nelsonmiranda.design/', 'Design Nelson', '202440'),
('https://www.last.fm/user/nelsonmiranda', 'Last.fm', '202440'),
('https://mixcloud.com/nelsonmiranda/', 'Mixcloud', '202440'),
('https://soundcloud.com/nelsonmiranda', 'SoundCloud', '202440'),
('https://patriciafarias.myportfolio.com/', 'Portfólio Patricia', '202441'),
('https://www.linkedin.com/in/patricia-farias-design/', 'LinkedIn Patricia', '202441'),
('https://quintinosales.com/', 'Site Quintino', '202442'),
('https://quintinosales.github.io/work', 'GitHub Work', '202442'),
('https://quintinosales.gitlab.io/', 'GitLab IO', '202442'),
('https://quintinosales.bitbucket.io/', 'Bitbucket Pages', '202442'),
('https://quintinosales.sourceforge.io/', 'SourceForge', '202442'),
('https://sergionogueira.design.blog/', 'Blog Sérgio', '202444'),
('https://tatianecavalcante.art/', 'Arte Tatiane', '202445'),
('https://www.artstation.com/tatianecavalcante', 'ArtStation Tatiane', '202445'),
('https://tatianecavalcante.picfair.com/', 'Picfair Tatiane', '202445'),
('https://vanessaguerra.carrd.co/', 'Carrd Vanessa', '202447'),
('https://vanessaguerra.weebly.com/', 'Weebly Guerra', '202447'),
('https://wellingtonpaiva.dev.br/', 'Dev Wellington', '202448'),
('https://github.com/wellingtonpaiva', 'GitHub Wellington', '202448'),
('https://wellingtonpaiva.vercel.app/', 'Vercel Wellington', '202448'),
('https://wellingtonpaiva.netlify.app/', 'Netlify Wellington', '202448'),
('https://ximenaqueiroz.uxdesign.blog/', 'UX Blog Ximena', '202449'),
('https://zildaesteves.wixsite.com/arte', 'Wix Zilda', '202451'),
('https://www.behance.net/zildaesteves', 'Behance Zilda', '202451'),
('https://zildaesteves.pixels.com/', 'Pixels Art', '202451'),
('https://adrianaporto.design/', 'Design Adriana', '202452'),
('https://adrianaporto.medium.com/', 'Medium Adriana', '202452'),
('https://adrianaporto.substack.com/', 'Substack Adriana', '202452'),
('https://adrianaporto.ghost.io/', 'Ghost Blog', '202452'),
('https://adrianaporto.wordpress.com/', 'WordPress Porto', '202452'),
('https://claraandrade.webflow.io/', 'Webflow Clara', '202454'),
('https://claraandrade.squarespace.com/', 'Squarespace Clara', '202454'),
('https://davibrito.com/', 'Site Davi', '202455'),
('https://davibrito.github.io/portfolio', 'GitHub Pages Davi', '202455'),
('https://davibrito.gitlab.io/portfolio', 'GitLab Pages Davi', '202455'),
('https://davibrito.bitbucket.io/portfolio', 'Bitbucket Davi', '202455'),
('https://davibrito.netlify.app/', 'Netlify Davi', '202455'),
('https://davibrito.vercel.app/', 'Vercel Davi', '202455'),
('https://elisaaragao.myportfolio.com/', 'Elisa Aragão', '202456'),
('https://fernandolacerda.itch.io/', 'Itch Fernando', '202457'),
('https://fernandolacerda.gamejolt.com/', 'GameJolt', '202457'),
('https://fernandolacerda.newgrounds.com/', 'Newgrounds Fernando', '202457'),
('https://hugobrandao.dev/', 'Hugo Dev', '202459'),
('https://hugobrandao.hashnode.dev/', 'Hashnode Hugo', '202459'),
('https://iaraxavier.artstation.com/', 'ArtStation Iara', '202460'),
('https://jonasfigueiredo.com/', 'Jonas Figueiredo', '202461'),
('https://www.linkedin.com/in/jonas-figueiredo/', 'LinkedIn Jonas', '202461'),
('https://twitter.com/jonasfigdesign', 'Twitter Jonas', '202461'),
('https://www.instagram.com/jonasfig.design/', 'Instagram Jonas', '202461'),
('https://mateuscoelho.work/', 'Mateus Coelho', '202463'),
('https://github.com/mateuscoelho', 'GitHub Mateus', '202463'),
('https://gitlab.com/mateuscoelho', 'GitLab Mateus', '202463'),
('https://codeberg.org/mateuscoelho', 'Codeberg Mateus', '202463'),
('https://sourcehut.org/~mateuscoelho', 'SourceHut Mateus', '202463'),
('https://otaviorezende.cargo.site/', 'Cargo Otavio', '202465'),
('https://otaviorezende.format.com/', 'Format Otavio', '202465'),
('https://rodrigoveloso.vercel.app/', 'Rodrigo Veloso', '202467'),
('https://simonemuniz.com/', 'Simone Muniz', '202468'),
('https://simonemuniz.pressfolios.com/', 'Pressfolios', '202468'),
('https://simonemuniz.clippings.me/', 'Clippings.me', '202468'),
('https://umapeixoto.design/', 'Uma Peixoto', '202470'),
('https://www.behance.net/umapeixoto', 'Behance Uma', '202470'),
('https://dribbble.com/umapeixoto', 'Dribbble Uma', '202470'),
('https://www.figma.com/@umapeixoto', 'Figma Uma', '202470'),
('https://vivianerodrigues.wixsite.com/portfolio', 'Viviane Wix', '202471'),
('https://wagnersoares.netlify.app/', 'Wagner Netlify', '202472'),
('https://wagnersoares.azurewebsites.net/', 'Wagner Azure', '202472'),
('https://yarabraga.art/', 'Yara Braga', '202474'),
('https://yarabraga.deviantart.com/', 'DeviantArt Yara', '202474'),
('https://yarabraga.pixiv.net/', 'Pixiv Yara', '202474'),
('https://zeuscoutinho.gamejolt.com/', 'Zeus GameJolt', '202475'),
('https://caiohenrique.dev/', 'Caio Henrique', '202477'),
('https://caiohenrique.stackblitz.io/', 'StackBlitz Caio', '202477'),
('https://caiohenrique.codesandbox.io/', 'CodeSandbox Caio', '202477'),
('https://caiohenrique.replit.dev/', 'Replit Caio', '202477'),
('https://caiohenrique.glitch.me/', 'Glitch Caio', '202477'),
('https://enzogabriel.itch.io/', 'Itch Enzo', '202479'),
('https://enzogabriel.itch.io/games', 'Itch Games Enzo', '202479'),
('https://flavianeves.myportfolio.com/', 'Flavia Neves', '202480'),
('https://flavianeves.format.com/', 'Format Flavia', '202480'),
('https://flavianeves.adobe.com/', 'Adobe Portfolio', '202480'),
('https://hannabezerra.carrd.co/', 'Hanna Carrd', '202482'),
('https://iagocordeiro.com/', 'Iago Cordeiro', '202483'),
('https://iagocordeiro.github.io/', 'GitHub Iago', '202483'),
('https://iagocordeiro.gitlab.io/', 'GitLab Iago', '202483'),
('https://iagocordeiro.vercel.app/', 'Vercel Iago', '202483'),
('https://kevinleal.weebly.com/', 'Kevin Weebly', '202485'),
('https://kevinleal.squarespace.com/', 'Kevin Squarespace', '202485'),
('https://murilobessa.artstation.com/', 'Murilo ArtStation', '202487'),
('https://murilobessa.cgsociety.org/', 'CG Society', '202487'),
('https://murilobessa.3dtotal.com/', '3D Total', '202487'),
('https://nataliachaves.design/', 'Natalia Design', '202488'),
('https://oscardornelas.work/', 'Oscar Dornelas', '202489'),
('https://oscardornelas.medium.com/', 'Medium Oscar', '202489'),
('https://oscardornelas.substack.com/', 'Substack Oscar', '202489'),
('https://oscardornelas.ghost.io/', 'Ghost Oscar', '202489'),
('https://oscardornelas.wordpress.com/', 'WordPress Oscar', '202489'),
('https://ruanmendonca.netlify.app/', 'Ruan Netlify', '202491'),
('https://ruanmendonca.vercel.app/', 'Ruan Vercel', '202491'),
('https://tiagopinheiro.cargo.site/', 'Tiago Cargo', '202493'),
('https://ubirajaramaia.com/', 'Ubirajara Maia', '202494'),
('https://ubirajaramaia.pixpa.com/', 'Pixpa', '202494'),
('https://ubirajaramaia.photo.blog/', 'Photo Blog', '202494'),
('https://williansiqueira.dev/', 'Willian Siqueira', '202496'),
('https://github.com/williansiqueira', 'GitHub Willian', '202496'),
('https://williansiqueira.gitlab.io/', 'GitLab Willian', '202496'),
('https://williansiqueira.pages.dev/', 'Cloudflare Willian', '202496'),
('https://xeniarios.artstation.com/', 'Xenia Rios', '202497'),
('https://yuricavalcanti.itch.io/', 'Yuri Itch', '202498'),
('https://yuricavalcanti.newgrounds.com/', 'Yuri Newgrounds', '202498'),
('https://arthurbastos.com/', 'Arthur Bastos', '202500'),
('https://arthurbastos.uxfol.io/', 'UXFolio Arthur', '202500'),
('https://arthurbastos.notion.site/', 'Notion Arthur', '202500'),
('https://arthurbastos.milanote.com/', 'Milanote', '202500'),
('https://arthurbastos.miro.com/', 'Miro Board', '202500'),
('https://celsotavares.design.blog/', 'Celso Blog', '202502'),
('https://dianamaciel.wixsite.com/arte', 'Diana Wix', '202503'),
('https://dianamaciel.weebly.com/', 'Diana Weebly', '202503'),
('https://dianamaciel.squarespace.com/', 'Diana Squarespace', '202503'),
('https://fatimacolares.myportfolio.com/', 'Fatima Portfolio', '202505'),
('https://fatimacolares.format.com/', 'Fatima Format', '202505'),
('https://gustavoholanda.com/', 'Gustavo Holanda', '202506'),
('https://gustavoholanda.github.io/', 'GitHub Gustavo', '202506'),
('https://gustavoholanda.vercel.app/', 'Vercel Gustavo', '202506'),
('https://gustavoholanda.netlify.app/', 'Netlify Gustavo', '202506'),
('https://ivancarneiro.carrd.co/', 'Ivan Carrd', '202508'),
('https://julianaximenes.art/', 'Juliana Ximenes', '202509'),
('https://julianaximenes.deviantart.com/', 'DeviantArt Juliana', '202509'),
('https://julianaximenes.pixiv.net/', 'Pixiv Juliana', '202509'),
('https://luanbasilio.itch.io/', 'Luan Itch', '202511'),
('https://luanbasilio.gamejolt.com/', 'Luan GameJolt', '202511'),
('https://neymarjunior.design/', 'Neymar Design', '202513'),
('https://ozanalustosa.artstation.com/', 'Ozana ArtStation', '202514'),
('https://ozanalustosa.cgsociety.org/', 'Ozana CG Society', '202514'),
('https://ozanalustosa.behance.net/', 'Ozana Behance', '202514'),
('https://quiterialemos.com/', 'Quiteria Lemos', '202516'),
('https://quiterialemos.medium.com/', 'Medium Quiteria', '202516'),
('https://quiterialemos.substack.com/', 'Substack Quiteria', '202516'),
('https://quiterialemos.wordpress.com/', 'WordPress Quiteria', '202516'),
('https://samuelbarreto.netlify.app/', 'Samuel Netlify', '202518'),
('https://samuelbarreto.vercel.app/', 'Samuel Vercel', '202518'),
('https://tainaalbuquerque.myportfolio.com/', 'Taina Portfolio', '202519'),
('https://ubaldofontenele.design/', 'Ubaldo Fontenele', '202520'),
('https://ubaldofontenele.cargo.site/', 'Ubaldo Cargo', '202520'),
('https://ubaldofontenele.format.com/', 'Ubaldo Format', '202520');

-- DML: inserção de 137 equipes

INSERT INTO equipe (nome_equipe) VALUES
-- Equipes com nomes
('Design Minds'),
('Creative Coders'),
('UX Wizards'),
('Pixel Pushers'),
('Vector Vanguards'),
('UI Avengers'),
('Prototype Masters'),
('Wireframe Warriors'),
('Layout Legends'),
('Typography Titans'),
('Color Theory Collective'),
('Gestalt Guild'),
('Semiotic Squad'),
('Ergonomics Elite'),
('Accessibility Allies'),
('Responsive Renegades'),
('Motion Magic'),
('3D Disruptors'),
('Animation Alliance'),
('Illustration Innovators'),
('Branding Brigade'),
('Visual Identity Crew'),
('Editorial Experts'),
('Print Pioneers'),
('Packaging Pros'),
('Environmental Ensemble'),
('Service Design Squad'),
('Strategic Thinkers'),
('Research Rangers'),
('Usability Unit'),
('Information Architects'),
('Content Crafters'),
('Storytelling Syndicate'),
('Gamification Guild'),
('VR Visionaries'),
('AR Adventurers'),
('AI Sloppers'),
('Data Designers'),
('Code Creative Collective'),
('Front-end Fellows'),
('Back-end Battalion'),
('Full Stack Force'),
('Mobile Mavericks'),
('Web Weavers'),
('E-commerce Ensemble'),
('CMS Crew'),
('API Alliance'),
('Database Dream Team'),
('Security Squad'),
('DevOps Division'),
('Agile Artisans'),
('Scrum Masters'),
('Kanban Collective'),
('Lean Legends'),
('Prototyping Posse'),
('Testing Tribe'),
('QA Quartet'),
('Documentation Dynamos'),
('Open Source Oasis'),
('Git Guardians'),
('CI/CD Circle'),
('Cloud Collective'),
('Serverless Squad'),
('Container Crew'),
('Microservices Mavericks'),
('Event-Driven Ensemble'),
('Real-Time Rangers'),
('Performance Posse'),
('Scalability Squad'),
('Resilience Rebels'),
('Monitoring Masters'),
('Logging Legion'),
('Analytics Alliance'),
('Machine Learning Minds'),
('Neural Network Ninjas'),
('Deep Learning Division'),
('Computer Vision Crew'),
('NLP Navigators'),
('Robotics Rangers'),
('IoT Innovators'),
('Blockchain Brigade'),
('Cryptography Collective'),
('Security Syndicate'),
('Privacy Protectors'),
('Ethical Hacker Elite'),
('Bug Bounty Brigade'),
('Pen Test Posse'),
('DevSecOps Division'),
('Compliance Crew'),
('Governance Guild'),
('Architecture Alliance'),
('Design System Squad'),
('Component Crew'),
('Pattern Library Posse'),
('Style Guide Syndicate'),
('Atomic Design Alliance'),
('Modular Mavericks'),
('Reusable Rebels'),
('Efficiency Experts'),
('Optimization Ops'),
('Performance Posse'),
('Load Testing Legion'),
('Stress Test Squad'),
('Chaos Engineering Crew'),
('Reliability Rangers'),
('Disaster Recovery Division'),
('Backup Battalion'),
('Data Retention Crew'),
('Compliance Collective'),
('Audit Alliance'),
('Documentation Division'),
('Knowledge Management Crew'),
('Learning League'),
('Mentorship Mob'),
('Onboarding Ops'),
('Retention Rangers'),
('Engagement Ensemble'),
('Community Collective'),
('Events Elite'),
('Hackathon Heroes'),
('Innovation Incubator'),
('R&D Renegades'),
('Future Forgers'),
('Visionary Vanguard'),
('Disruption Division'),
('Paradigm Shifters'),
('Blue Sky Brigade'),
('Moon Shot Squad'),
('Labs Legion'),
('Experimentation Ensemble'),
('Pilot Posse'),
('Beta Brigade'),
('Alpha Alliance'),
('MVP Makers'),
('POC Posse');
-- Equipes sem nome
INSERT INTO equipe (nome_equipe) VALUES
(default),
(default);

-- DML: inserção de 224 membros nas equipes

INSERT INTO membros_equipe (matricula, codigo_equipe) VALUES
('202401', 1),
('202401', 5),
('202401', 12),
('202401', 25),
('202402', 2),
('202402', 8),
('202402', 15),
('202403', 3),
('202403', 9),
('202403', 14),
('202403', 20),
('202403', 28),
('202403', 35),
('202404', 4),
('202404', 18),
('202405', 6),
('202405', 11),
('202405', 19),
('202405', 27),
('202405', 33),
('202406', 7),
('202407', 10),
('202407', 16),
('202407', 22),
('202407', 30),
('202407', 38),
('202407', 45),
('202407', 52),
('202408', 13),
('202408', 21),
('202408', 29),
('202409', 17),
('202409', 24),
('202409', 32),
('202409', 40),
('202410', 23),
('202410', 31),
('202410', 39),
('202410', 47),
('202410', 55),
('202410', 63),
('202410', 71),
('202410', 79),
('202412', 26),
('202412', 34),
('202413', 36),
('202413', 42),
('202413', 48),
('202413', 54),
('202413', 60),
('202414', 41),
('202415', 43),
('202415', 49),
('202415', 56),
('202415', 62),
('202415', 68),
('202415', 74),
('202417', 44),
('202417', 50),
('202417', 57),
('202418', 46),
('202418', 53),
('202419', 51),
('202419', 58),
('202419', 64),
('202419', 70),
('202421', 59),
('202422', 61),
('202422', 65),
('202422', 69),
('202422', 73),
('202422', 77),
('202424', 66),
('202424', 72),
('202424', 78),
('202426', 67),
('202426', 75),
('202426', 80),
('202426', 85),
('202426', 90),
('202426', 95),
('202427', 76),
('202427', 82),
('202428', 81),
('202428', 86),
('202428', 91),
('202428', 96),
('202430', 83),
('202431', 84),
('202431', 88),
('202431', 93),
('202432', 87),
('202432', 89),
('202432', 94),
('202432', 98),
('202432', 101),
('202434', 92),
('202434', 97),
('202435', 99),
('202436', 100),
('202436', 102),
('202436', 105),
('202436', 108),
('202439', 103),
('202439', 106),
('202439', 110),
('202440', 104),
('202440', 107),
('202441', 109),
('202441', 111),
('202441', 114),
('202441', 117),
('202441', 120),
('202443', 112),
('202445', 113),
('202445', 115),
('202445', 118),
('202447', 116),
('202447', 119),
('202448', 121),
('202448', 123),
('202448', 125),
('202448', 127),
('202450', 122),
('202451', 124),
('202451', 126),
('202451', 128),
('202452', 129),
('202452', 130),
('202452', 131),
('202452', 132),
('202452', 133),
('202454', 134),
('202454', 135),
('202455', 136),
('202455', 137),
('202455', 1),
('202455', 3),
('202455', 5),
('202455', 7),
('202457', 9),
('202457', 11),
('202457', 13),
('202458', 15),
('202459', 17),
('202459', 19),
('202459', 21),
('202459', 23),
('202461', 25),
('202461', 27),
('202463', 29),
('202463', 31),
('202463', 33),
('202463', 35),
('202463', 37),
('202465', 39),
('202465', 41),
('202465', 43),
('202467', 45),
('202467', 47),
('202468', 49),
('202468', 51),
('202468', 53),
('202468', 55),
('202470', 57),
('202470', 59),
('202470', 61),
('202472', 63),
('202473', 65),
('202473', 67),
('202475', 69),
('202475', 71),
('202475', 73),
('202477', 75),
('202477', 77),
('202477', 79),
('202477', 81),
('202478', 83),
('202479', 85),
('202479', 87),
('202481', 89),
('202481', 91),
('202481', 93),
('202483', 95),
('202483', 97),
('202483', 99),
('202483', 101),
('202487', 103),
('202487', 105),
('202487', 107),
('202489', 109),
('202489', 111),
('202489', 113),
('202489', 115),
('202491', 117),
('202494', 119),
('202494', 121),
('202494', 123),
('202496', 125),
('202496', 127),
('202496', 129),
('202496', 131),
('202500', 133),
('202500', 135),
('202502', 137),
('202502', 2),
('202503', 4),
('202503', 6),
('202505', 8),
('202505', 10),
('202505', 12),
('202507', 14),
('202509', 16),
('202509', 18),
('202511', 20),
('202513', 22),
('202513', 24),
('202514', 26),
('202514', 28),
('202514', 30),
('202516', 32),
('202518', 34),
('202518', 36),
('202520', 38);

-- DML: inserção de 313 projetos
-- (para que 124 deles sejam em equipe)

INSERT INTO projeto (titulo, descricao, ano, matricula, codigo_disc) VALUES
('Identidade Visual para Marca de Moda Sustentável', 'Criação de logo, cores e tipografia', 2023, '202401', 'QXD0121'),
('Cartaz para Campanha de Vacinação', 'Peça gráfica para incentivo à imunização', 2021, '202401', 'QXD0121'),
('Logotipo para Startup de Tecnologia', 'Marca moderna e minimalista', 2024, '202401', 'QXD0121'),
('Livro Ilustrado Infantil', 'Ilustrações e diagramação para livro educativo', 2022, '202402', 'QXD0122'),
('Curta-metragem de Animação', 'Animação 2D sobre diversidade cultural', 2023, '202402', 'QXD0122'),
('Exposição Virtual de Arte', 'Galeria online com obras de artistas locais', 2021, '202402', 'QXD0122'),
('Fotolivro Documental sobre Pandemia', 'Ensaios fotográficos do isolamento social', 2021, '202403', 'QXD0123'),
('Edição de Vídeo para Clipe Musical', 'Pós-produção e efeitos visuais', 2024, '202403', 'QXD0123'),
('Manipulação de Imagens para Campanha', 'Composições digitais para anúncios', 2022, '202403', 'QXD0123'),
('Instalação Interativa com Sensores', 'Arte digital que reage ao movimento', 2023, '202404', 'QXD0124'),
('Documentário sobre Artesanato Local', 'Filme curta sobre produção manual', 2022, '202404', 'QXD0124'),
('Website para Estúdio de Design', 'Portfólio interativo para estúdio criativo', 2024, '202404', 'QXD0124'),
('Sistema de Pontos para Delivery', 'Programa de fidelidade para app de entregas', 2020, '202405', 'QXD0125'),
('Aplicativo de Reservas de Restaurantes', 'Sistema para agendamento online', 2023, '202405', 'QXD0125'),
('Pôster para Festival de Cinema', 'Arte gráfica para evento cultural', 2024, '202405', 'QXD0125'),
('Exposição de Fotografia Documental', 'Ensaios sobre vida urbana', 2023, '202406', 'QXD0128'),
('Catálogo de Produtos de Moda', 'Editorial para lançamento de coleção', 2022, '202406', 'QXD0128'),
('Identidade Visual para Food Truck', 'Marca e comunicação visual para veículo', 2021, '202406', 'QXD0128'),
('Site Institucional para Organização Social', 'Plataforma de divulgação e doações', 2022, '202407', 'QXD0130'),
('Sistema de Logística para Entregas', 'App de gestão de entregadores', 2020, '202407', 'QXD0130'),
('Folder para Campanha de Saúde', 'Material informativo sobre prevenção', 2021, '202407', 'QXD0130'),
('Animação Explicativa para App', 'Motion graphics sobre funcionalidades', 2024, '202408', 'QXD0126'),
('Embalagem para Produto Orgânico', 'Design sustentável com materiais recicláveis', 2023, '202408', 'QXD0126'),
('Aplicativo de Bem-estar', 'App com meditação e exercícios', 2022, '202408', 'QXD0126'),
('Infográfico Interativo sobre Clima', 'Visualização de dados ambientais', 2024, '202409', 'QXD0127'),
('Adesivos para Rede Social', 'Stickers temáticos para Instagram', 2023, '202409', 'QXD0127'),
('Projeto Gráfico para Revista', 'Editorial e diagramação de periódico', 2022, '202409', 'QXD0127'),
('Interface para App de Finanças', 'UX/UI para controle de gastos', 2024, '202410', 'QXD0129'),
('Dashboard para Equipes Ágeis', 'Sistema de gestão de tarefas', 2023, '202410', 'QXD0129'),
('Website para Portfólio de Artista', 'Galeria online com filtros', 2022, '202410', 'QXD0129'),
('Escultura Digital para Impressão 3D', 'Modelagem tridimensional orgânica', 2024, '202412', 'QXD0159'),
('Concept Art para Personagem de Jogo', 'Desenvolvimento visual de protagonista', 2023, '202412', 'QXD0159'),
('Ambiente Virtual para Realidade Aumentada', 'Cenário 3D interativo', 2025, '202412', 'QXD0159'),
('Pesquisa sobre Comportamento de Consumo', 'Estudo etnográfico com usuários', 2023, '202413', 'QXD0162'),
('Relatório de Tendências em Design', 'Análise de inovações no mercado', 2024, '202413', 'QXD0162'),
('Oficinas de Design para Jovens', 'Projeto de extensão comunitária', 2022, '202413', 'QXD0162'),
('Análise Semiótica de Campanha Publicitária', 'Estudo sobre signos em propaganda', 2023, '202414', 'QXD0161'),
('Desconstrução de Logotipos Famosos', 'Ensaio visual sobre marcas', 2022, '202414', 'QXD0161'),
('Glossário de Signos Visuais', 'Catálogo de símbolos e significados', 2024, '202414', 'QXD0161'),
('Teste de Usabilidade para E-commerce', 'Avaliação com usuários reais', 2024, '202415', 'QXD0038'),
('Prototipagem de Alta Fidelidade', 'Mockup interativo para aplicativo', 2023, '202415', 'QXD0038'),
('Entrevistas com Usuários sobre Delivery', 'Pesquisa qualitativa de necessidades', 2020, '202415', 'QXD0038'),
('Pôster para Peça de Teatro', 'Arte gráfica para divulgação cultural', 2024, '202417', 'QXD0163'),
('Folder Institucional para Museu', 'Material de divulgação de exposição', 2023, '202417', 'QXD0163'),
('Catálogo de Exposição de Arte', 'Livro com obras e textos críticos', 2022, '202417', 'QXD0163'),
('Website Interativo para Banda', 'Site com player e agenda de shows', 2024, '202418', 'QXD0189'),
('Avaliação Heurística de Sistema', 'Análise de usabilidade', 2023, '202418', 'QXD0189'),
('Questionário de Satisfação de Clientes', 'Pesquisa sobre experiência do usuário', 2022, '202418', 'QXD0189'),
('Layout para Landing Page de Produto', 'Página de conversão para SaaS', 2024, '202419', 'QXD0164'),
('Sistema de Login com Redes Sociais', 'Autenticação integrada', 2023, '202419', 'QXD0164'),
('Blog com Tema Personalizável', 'Plataforma de publicação customizável', 2022, '202419', 'QXD0164'),
('Protótipo de App de Delivery', 'Wireframes navegáveis para teste', 2020, '202421', 'QXD0165'),
('MVP para Plataforma de Cursos Online', 'Versão mínima viável para validação', 2023, '202421', 'QXD0165'),
('Dashboard para Gestão de Conteúdo', 'Painel administrativo', 2024, '202421', 'QXD0165'),
('Direção de Arte para Campanha de Refrigerante', 'Conceito visual para marca', 2024, '202422', 'QXD0192'),
('Moodboard para Coleção de Moda', 'Referências visuais criativas', 2023, '202422', 'QXD0192'),
('Storyboard para Comercial de TV', 'Sequência de cenas para vídeo', 2022, '202422', 'QXD0192'),
('Manual de Identidade Visual Corporativa', 'Diretrizes de uso da marca', 2024, '202424', 'QXD0194'),
('Código de Conduta para Designers', 'Documento ético para estúdio', 2023, '202424', 'QXD0194'),
('Modelo de Termo de Consentimento', 'Documento para pesquisas com usuários', 2022, '202424', 'QXD0194'),
('Família Tipográfica Display', 'Desenvolvimento de fonte decorativa', 2024, '202426', 'QXD0191'),
('Lettering para Logotipo', 'Caligrafia personalizada para marca', 2023, '202426', 'QXD0191'),
('Pôster Tipográfico Experimental', 'Composição visual com tipografia', 2022, '202426', 'QXD0191'),
('Interface para Dashboard Administrativo', 'UX/UI de sistema empresarial', 2024, '202427', 'QXD0193'),
('Sistema de Componentes UI', 'Cards e elementos reutilizáveis', 2023, '202427', 'QXD0193'),
('Formulário com Campos Adaptativos', 'Dinâmico para cadastro de usuários', 2022, '202427', 'QXD0193'),
('Branding para Startup de Inteligência Artificial', 'Identidade visual para empresa de tecnologia', 2025, '202428', 'QXD0190'),
('Aplicativo de Saúde Preventiva', 'App para acompanhamento de vacinas', 2022, '202428', 'QXD0190'),
('Plataforma de Consultas Remotas', 'Sistema de telemedicina', 2021, '202428', 'QXD0190'),
('Embalagem para Delivery de Alimentos', 'Eco-friendly e funcional', 2020, '202430', 'QXD0195'),
('App de Delivery de Água', 'Pedidos e rastreamento de galões', 2021, '202430', 'QXD0195'),
('Sistema de Pagamento Integrado', 'Carteira digital no app', 2022, '202430', 'QXD0195'),
('Interface para Dispositivos IoT', 'Prototipagem de app para casa inteligente', 2024, '202431', 'QXD0198'),
('Sistema de Automação Residencial', 'Controle de luzes e temperatura', 2023, '202431', 'QXD0198'),
('Aplicativo de Monitoramento de Energia', 'Consumo elétrico em tempo real', 2022, '202431', 'QXD0198'),
('Plano de Negócios para Estúdio de Design', 'Modelo de negócios', 2024, '202432', 'QXD0029'),
('Canvas de Proposta de Valor', 'Modelagem de produto para clientes', 2023, '202432', 'QXD0029'),
('Pitch Deck para Investidores', 'Apresentação para captação de recursos', 2022, '202432', 'QXD0029'),
('Aplicativo de Estudo com Gamificação', 'Plataforma de aprendizado com recompensas', 2024, '202434', 'QXD0197'),
('Sistema de Notificações Push', 'Alertas personalizados para usuários', 2023, '202434', 'QXD0197'),
('Modo Escuro para Aplicativo', 'Interface alternativa com baixa luminosidade', 2022, '202434', 'QXD0197'),
('Site para Artista Plástico', 'Portfólio com obras e currículo', 2024, '202435', 'QXD0196'),
('E-commerce de Artesanato Local', 'Loja virtual para artesãos', 2023, '202435', 'QXD0196'),
('Blog de Design e Tendências', 'Plataforma de conteúdo sobre design', 2022, '202435', 'QXD0196'),
('Projeto de Pesquisa sobre Experiência do Usuário', 'Investigação científica em IHC', 2024, '202436', 'QXD0110'),
('Revisão Sistemática da Literatura em Design', 'Análise de artigos acadêmicos', 2023, '202436', 'QXD0110'),
('Pesquisa Participativa com Usuários', 'Co-criação em design', 2022, '202436', 'QXD0110'),
('Relatório de Estágio em Design Gráfico', 'Documento de atividades profissionais', 2024, '202439', 'QXD0104'),
('Portfólio Profissional de Design', 'Compilação de projetos reais', 2023, '202439', 'QXD0104'),
('Memorial Descritivo de Estágio', 'Reflexão sobre prática profissional', 2022, '202439', 'QXD0104'),
('Monografia sobre Tipografia Digital', 'Trabalho de conclusão de curso', 2024, '202440', 'QXD0111'),
('Artigo sobre Design Inclusivo', 'Publicação em congresso acadêmico', 2023, '202440', 'QXD0111'),
('Apresentação de Trabalho de Conclusão', 'Slides e defesa oral', 2022, '202440', 'QXD0111'),
('Versão Expandida de TCC para Periódico', 'Artigo científico estendido', 2025, '202441', 'QXD0112'),
('Submissão de Paper para Conferência', 'Artigo sobre metodologias de design', 2024, '202441', 'QXD0112'),
('Revisão por Pares de Trabalhos Acadêmicos', 'Avaliação de artigos', 2023, '202441', 'QXD0112'),
('Arquitetura de Informação para Portal', 'Estrutura de navegação e categorias', 2024, '202443', 'QXD0199'),
('Taxonomia para E-commerce', 'Classificação hierárquica de produtos', 2023, '202443', 'QXD0199'),
('Mapa de Site e Fluxos', 'Diagrama de hierarquia de páginas', 2022, '202443', 'QXD0199'),
('Animação Stop Motion com Massinha', 'Curta-metragem artesanal', 2024, '202445', 'QXD0204'),
('Time-lapse de Processo Criativo', 'Registro de produção de arte', 2023, '202445', 'QXD0204'),
('Vídeo Institucional para Empresa', 'Produção audiovisual corporativa', 2022, '202445', 'QXD0204'),
('Aplicativo de Delivery de Refeições', 'Sistema de pedidos para restaurantes', 2020, '202447', 'QXD0102'),
('App de Entregas de Documentos', 'Logística para empresas', 2021, '202447', 'QXD0102'),
('Plataforma de Delivery de Flores', 'Envio com mensagem personalizada', 2022, '202447', 'QXD0102'),
('Dashboard para E-commerce', 'Métricas de vendas e clientes', 2024, '202448', 'QXD0020'),
('Portal de Notícias Local', 'Site com atualizações da cidade', 2023, '202448', 'QXD0020'),
('Blog Corporativo de Marketing', 'Plataforma de conteúdo', 2022, '202448', 'QXD0020'),
('Ferramenta de Design Colaborativo', 'Edição simultânea de interfaces', 2024, '202450', 'QXD0200'),
('Sistema de Comentários com Moderação', 'Engajamento em plataformas', 2023, '202450', 'QXD0200'),
('Chat para Suporte ao Cliente', 'Atendimento em tempo real', 2022, '202450', 'QXD0200'),
('Material Didático sobre Sustentabilidade', 'Cartilha para escolas', 2024, '202451', 'QXD0232'),
('Guia Ilustrado de Reciclagem', 'Cartilha para coleta seletiva', 2023, '202451', 'QXD0232'),
('Jogo Educativo sobre Preservação Ambiental', 'Quiz interativo para crianças', 2022, '202451', 'QXD0232'),
('Guia para Linguagem Inclusiva', 'Direitos Humanos na comunicação', 2024, '202452', 'PRG0004'),
('Campanha contra Discriminação Racial', 'Peças gráficas para conscientização', 2023, '202452', 'PRG0004'),
('Manual de Acessibilidade Digital', 'Diretrizes para conteúdos online', 2022, '202452', 'PRG0004'),
('Adaptação de Scrum para Design', 'Metodologia ágil para equipes criativas', 2024, '202454', 'QXD0019'),
('Quadro Kanban Virtual', 'Ferramenta de gestão de tarefas', 2023, '202454', 'QXD0019'),
('Workshop de Design Sprint', 'Cinco dias para soluções', 2022, '202454', 'QXD0019'),
('Análise de Comunicabilidade', 'Engenharia Semiótica aplicada a interfaces', 2024, '202455', 'QXD0201'),
('Método de Inspeção Semiótica', 'Avaliação de IHC', 2023, '202455', 'QXD0201'),
('Estudo de Signos em Notificações', 'Design de mensagens para app', 2022, '202455', 'QXD0201'),
('Avaliação Ergonômica de Home Office', 'Análise de posto de trabalho remoto', 2021, '202457', 'QXD0202'),
('Guia de Ergonomia para Trabalho Remoto', 'Recomendações e boas práticas', 2020, '202457', 'QXD0202'),
('Checklist Ergonômico de Autoavaliação', 'Ferramenta para colaboradores', 2022, '202457', 'QXD0202'),
('Ensaio Fotográfico Urbano', 'Registro da cidade em preto e branco', 2023, '202458', 'QXD0203'),
('Portfólio de Fotografia de Retrato', 'Seleção de imagens', 2024, '202458', 'QXD0203'),
('Galeria Virtual com Curadoria', 'Exposição fotográfica online', 2022, '202458', 'QXD0203'),
('Tradução de Artigo Acadêmico de Design', 'Versão em português', 2024, '202459', 'QXD0035'),
('Glossário Bilíngue de Design', 'Termos técnicos inglês-português', 2023, '202459', 'QXD0035'),
('Resenha Crítica de Livro Estrangeiro', 'Análise de publicação internacional', 2022, '202459', 'QXD0035'),
('Análise e Interpretação de Artigo Científico', 'Exercício de compreensão em inglês', 2024, '202461', 'QXD0036'),
('Tradução de Tutorial Técnico', 'Versão localizada de guia', 2023, '202461', 'QXD0036'),
('Legendagem para Vídeo Educativo', 'Tradução de conteúdo audiovisual', 2022, '202461', 'QXD0036'),
('Modelagem 3D de Personagem para Jogo', 'Criação de avatar', 2024, '202463', 'QXD0039'),
('Renderização de Ambiente Fotorrealista', 'Cena 3D detalhada', 2023, '202463', 'QXD0039'),
('Texturização de Objetos 3D', 'Aplicação de materiais', 2022, '202463', 'QXD0039'),
('Prototipagem de Jogo Educativo de História', 'Game sobre eventos históricos', 2024, '202465', 'QXD0205'),
('Criação de Fases para Jogo de Plataforma', 'Level Design', 2023, '202465', 'QXD0205'),
('Arte Conceitual de Cenários e Personagens', 'Ilustrações para jogo', 2022, '202465', 'QXD0205'),
('Plug-in de Acessibilidade em Libras', 'Tradução para site', 2024, '202467', 'QXD0113'),
('Guia Visual de Sinais em Libras', 'Sinalização ilustrada', 2023, '202467', 'QXD0113'),
('Vídeo Educativo com Tradução em Libras', 'Conteúdo para surdos', 2022, '202467', 'QXD0113'),
('Plano de Lançamento de Produto', 'Estratégia de marketing', 2024, '202468', 'QXD0206'),
('Campanha em Redes Sociais', 'Posts patrocinados e orgânicos', 2023, '202468', 'QXD0206'),
('Criação de Anúncios Segmentados', 'Peças para Meta Ads', 2022, '202468', 'QXD0206'),
('Planilha de Cálculo de ROI', 'Retorno sobre investimento em design', 2024, '202470', 'QXD0056'),
('Análise Estatística de Dados de Pesquisa', 'Aplicação ao design', 2023, '202470', 'QXD0056'),
('Infográficos para Visualização de Métricas', 'Gráficos e dados', 2022, '202470', 'QXD0056'),
('Oficina de Prototipagem Rápida', 'Workshop com papel e digital', 2024, '202472', 'QXD0207'),
('Kit de Materiais para Teste com Usuários', 'Ferramentas de prototipagem', 2023, '202472', 'QXD0207'),
('Guia de Técnicas de Prototipagem', 'Métodos e processos', 2022, '202472', 'QXD0207'),
('Interpretação de Resultados Quantitativos', 'Análise de dados de pesquisa', 2024, '202473', 'QXD0012'),
('Dashboard de Métricas de Usabilidade', 'Visualização estatística', 2023, '202473', 'QXD0012'),
('Teste A/B de Interfaces', 'Comparação de versões', 2022, '202473', 'QXD0012'),
('Ambiente Imersivo para Treinamento', 'Experiência em Realidade Virtual', 2025, '202475', 'QXD0208'),
('Tour Virtual 360° de Imóveis', 'Visita interativa', 2024, '202475', 'QXD0208'),
('Simulação de Produto em VR', 'Visualização 3D', 2023, '202475', 'QXD0208'),
('Filtros de Realidade Aumentada', 'Aplicativo para redes sociais', 2025, '202477', 'QXD0209'),
('Sobreposição de Informações para Museu', 'AR para visitas guiadas', 2024, '202477', 'QXD0209'),
('Jogo com Elementos de Realidade Aumentada', 'Interação virtual', 2023, '202477', 'QXD0209'),
('Plano de Conteúdo para LinkedIn', 'Estratégia profissional', 2024, '202478', 'QXD0075'),
('Comunidade no Discord sobre Design', 'Grupo de estudos online', 2023, '202478', 'QXD0075'),
('Curadoria de Conteúdo para Redes', 'Seleção de materiais', 2022, '202478', 'QXD0075'),
('Semana de Palestras sobre Africanidades', 'Evento cultural', 2024, '202479', 'PRG0002'),
('Cartilha de Educação Étnico-Racial', 'Material para professores', 2023, '202479', 'PRG0002'),
('Podcast mensal sobre Cultura Afro', 'Episódios com convidados', 2022, '202479', 'PRG0002'),
('Organização de Ciclo de Palestras', 'Seminário de Design', 2024, '202481', 'QXD0212'),
('Compilação de Resumos e Artigos', 'Anais de evento acadêmico', 2023, '202481', 'QXD0212'),
('Sistema de Emissão de Certificados', 'Certificados digitais automatizados', 2022, '202481', 'QXD0212'),
('Pesquisa sobre Hábitos de Consumo', 'Estudo sociológico', 2024, '202483', 'QXD0210'),
('Análise de Dados de Navegação', 'Comportamento online', 2023, '202483', 'QXD0210'),
('Observação Participante em Comunidade', 'Estudo de caso etnográfico', 2022, '202483', 'QXD0210'),
('Interface para Idosos com Foco em Acessibilidade', 'Design inclusivo', 2024, '202487', 'QXD0077'),
('Alto Contraste e Fontes Ampliadas', 'Solução para baixa visão', 2023, '202487', 'QXD0077'),
('Ferramenta de Tecnologia Assistiva', 'Para pessoas com deficiência', 2022, '202487', 'QXD0077'),
('Elementos de Jogos na Educação', 'Gamificação para ensino', 2024, '202489', 'QXD0078'),
('Sistema de Medalhas por Conquistas', 'Recompensas em app', 2023, '202489', 'QXD0078'),
('Ranking de Usuários para Competição', 'Leaderboard gamificado', 2022, '202489', 'QXD0078'),
('Chatbot com IA para Suporte', 'Atendimento automatizado', 2025, '202491', 'QXD0079'),
('Assistente Virtual com Comandos de Voz', 'Controle por áudio', 2024, '202491', 'QXD0079'),
('Algoritmo de Recomendação Personalizada', 'Sugestões inteligentes', 2023, '202491', 'QXD0079'),
('Visualização de Dados Demográficos', 'Dashboard de indicadores sociais', 2024, '202494', 'QXD0080'),
('Mapa da Desigualdade Social', 'Georreferenciamento de dados', 2023, '202494', 'QXD0080'),
('Relatório de Impacto Social', 'Métricas de projetos comunitários', 2022, '202494', 'QXD0080'),
('Entrevistas e Questionários com Usuários', 'Pesquisa de Experiência do Usuário', 2024, '202496', 'QXD0211'),
('Mapa da Jornada do Usuário', 'Pontos de contato e dores', 2023, '202496', 'QXD0211'),
('Criação de Personas Semi-realistas', 'Perfis de usuários', 2022, '202496', 'QXD0211'),
('Plataforma de Interação em Tempo Real', 'Chat e mensagens instantâneas para equipes', 2024, NULL, 'QXD0121'),
('Sistema de Gerenciamento de Conteúdo', 'CMS personalizado para sites', 2024, NULL, 'QXD0121'),
('Aplicativo de Tarefas Compartilhadas', 'Listas colaborativas para produtividade', 2023, NULL, 'QXD0121'),
('Portal de Comunidade Online', 'Fórum e discussões para grupos de interesse', 2024, NULL, 'QXD0122'),
('Plataforma de Armazenamento em Nuvem', 'Compartilhamento de arquivos em equipe', 2023, NULL, 'QXD0122'),
('Sistema de Votação Popular', 'Enquetes e pesquisas de opinião', 2024, NULL, 'QXD0122'),
('App de Gerenciamento de Projetos Ágeis', 'Scrum e Kanban para equipes', 2023, NULL, 'QXD0123'),
('Plataforma de Revisão Colaborativa de Trabalhos', 'Feedback simultâneo entre pares', 2024, NULL, 'QXD0123'),
('Sistema de Wiki Corporativa', 'Base de conhecimento colaborativa', 2023, NULL, 'QXD0123'),
('Rede Social Corporativa', 'Comunicação interna entre colaboradores', 2024, NULL, 'QXD0124'),
('Plataforma de Crowdsourcing', 'Ideias colaborativas com votações', 2023, NULL, 'QXD0124'),
('Sistema de Gestão de Ideias', 'Inovação aberta para empresas', 2024, NULL, 'QXD0124'),
('Aplicativo de Co-criação', 'Design participativo com usuários', 2023, NULL, 'QXD0125'),
('Plataforma de Desenvolvimento Conjunto de Código', 'Programação colaborativa em tempo real', 2024, NULL, 'QXD0125'),
('Sistema de Planejamento Estratégico Compartilhado', 'OKRs e metas coletivas', 2023, NULL, 'QXD0125'),
('App de Brainstorming Online', 'Sessões criativas remotas', 2024, NULL, 'QXD0128'),
('Plataforma de Code Review', 'Revisão de código em equipe', 2023, NULL, 'QXD0128'),
('Sistema de Design System Compartilhado', 'Componentes reutilizáveis entre projetos', 2024, NULL, 'QXD0128'),
('Ferramenta de Prototipagem Colaborativa', 'Mockups interativos em tempo real', 2023, NULL, 'QXD0130'),
('Plataforma de Teste de Usabilidade Remoto', 'Feedback de usuários distribuídos', 2024, NULL, 'QXD0130'),
('Sistema de Gestão de Design', 'Fluxo de trabalho criativo para estúdios', 2023, NULL, 'QXD0130'),
('App de Pesquisa de Mercado', 'Coleta de dados com equipe', 2024, NULL, 'QXD0126'),
('Plataforma de Análise de Concorrência', 'Benchmarking colaborativo', 2023, NULL, 'QXD0126'),
('Sistema de Mapeamento de Processos BPMN', 'Modelagem colaborativa de negócios', 2024, NULL, 'QXD0126'),
('Aplicativo de Gestão de Riscos', 'Matriz de riscos compartilhada', 2023, NULL, 'QXD0127'),
('Plataforma de Compliance', 'Controle regulatório em equipe', 2024, NULL, 'QXD0127'),
('Sistema de Auditoria Compartilhada', 'Trilhas de auditoria coletiva', 2023, NULL, 'QXD0127'),
('App de Gestão de Conhecimento', 'FAQ colaborativo entre times', 2024, NULL, 'QXD0129'),
('Plataforma de Onboarding de Colaboradores', 'Integração de novos membros', 2023, NULL, 'QXD0129'),
('Sistema de Avaliação de Desempenho 360°', 'Feedback coletivo entre pares', 2024, NULL, 'QXD0129'),
('Ferramenta de Gestão de Reuniões', 'Atas e pautas colaborativas', 2023, NULL, 'QXD0159'),
('Plataforma de Retrospectivas de Sprint', 'Sprints e melhorias contínuas', 2024, NULL, 'QXD0159'),
('Sistema de Planejamento de Sprints', 'Scrum board compartilhado', 2023, NULL, 'QXD0159'),
('App de Daily Meeting', 'Check-ins diários remotos', 2024, NULL, 'QXD0162'),
('Plataforma de Gestão de Backlog', 'Priorização de tarefas coletiva', 2023, NULL, 'QXD0162'),
('Sistema de Burndown Chart', 'Acompanhamento de progresso do time', 2024, NULL, 'QXD0162'),
('Aplicativo de Velocity Tracking', 'Métricas ágeis compartilhadas', 2023, NULL, 'QXD0161'),
('Plataforma de Quadro Kanban', 'Gestão visual de tarefas em equipe', 2024, NULL, 'QXD0161'),
('Sistema de Gestão de Fluxo', 'Workflow contínuo colaborativo', 2023, NULL, 'QXD0161'),
('App de Calendário Compartilhado', 'Agenda colaborativa entre membros', 2024, NULL, 'QXD0038'),
('Plataforma de Reserva de Recursos', 'Salas e equipamentos compartilhados', 2023, NULL, 'QXD0038'),
('Sistema de Gestão de Férias', 'Solicitações e aprovações coletivas', 2024, NULL, 'QXD0038'),
('Ferramenta de Pesquisa de Clima Organizacional', 'Satisfação da equipe', 2023, NULL, 'QXD0160'),
('Plataforma de Reconhecimento entre Pares', 'Menções e prêmios coletivos', 2024, NULL, 'QXD0160'),
('Sistema de Metas Compartilhadas', 'Objetivos coletivos da equipe', 2023, NULL, 'QXD0160'),
('App de Comunicação Instantânea', 'Chat para equipes de trabalho', 2024, NULL, 'QXD0166'),
('Plataforma de Videoconferência', 'Reuniões remotas colaborativas', 2023, NULL, 'QXD0166'),
('Sistema de Notificações Centralizadas', 'Alertas e lembretes para equipe', 2024, NULL, 'QXD0166'),
('Aplicativo de Gestão de Documentos', 'Versões e aprovações coletivas', 2023, NULL, 'QXD0163'),
('Plataforma de Assinatura Eletrônica', 'Validação digital em equipe', 2024, NULL, 'QXD0163'),
('Sistema de Arquivo Morto', 'Retenção de documentos compartilhados', 2023, NULL, 'QXD0163'),
('App de Gestão de Contatos Compartilhados', 'Agenda coletiva da equipe', 2024, NULL, 'QXD0189'),
('Plataforma de CRM Colaborativo', 'Gestão de relacionamento com clientes', 2023, NULL, 'QXD0189'),
('Sistema de Lead Scoring', 'Priorização de clientes em equipe', 2024, NULL, 'QXD0189'),
('Ferramenta de Automação de Marketing', 'Campanhas em equipe', 2023, NULL, 'QXD0164'),
('Plataforma de Email Marketing', 'Disparo colaborativo de campanhas', 2024, NULL, 'QXD0164'),
('Sistema de Gestão de Redes Sociais', 'Publicação agendada em equipe', 2023, NULL, 'QXD0164'),
('App de Análise de Sentimento', 'Monitoramento de marca colaborativo', 2024, NULL, 'QXD0165'),
('Plataforma de Gestão de Reputação', 'Avaliações online em equipe', 2023, NULL, 'QXD0165'),
('Sistema de Atendimento ao Cliente', 'Helpdesk colaborativo', 2024, NULL, 'QXD0165'),
('Plataforma de Gestão de Projetos Criativos', 'Fluxo de trabalho para agências', 2025, NULL, 'QXD0192'),
('Sistema de Briefing Compartilhado', 'Requisitos de projetos colaborativos', 2024, NULL, 'QXD0194'),
('Ferramenta de Avaliação de Fornecedores', 'Ética e compliance', 2023, NULL, 'QXD0191'),
('App de Gestão de Fontes Compartilhadas', 'Biblioteca tipográfica da equipe', 2025, NULL, 'QXD0193'),
('Plataforma de Design System Colaborativo', 'Componentes e padrões compartilhados', 2024, NULL, 'QXD0190'),
('Sistema de Handoff para Desenvolvimento', 'Entrega de specs para devs', 2023, NULL, 'QXD0195'),
('Ferramenta de Pesquisa com Usuários', 'Recrutamento e entrevistas em equipe', 2025, NULL, 'QXD0198'),
('Plataforma de Análise de Dados Qualitativos', 'Codificação colaborativa de entrevistas', 2024, NULL, 'QXD0029'),
('Sistema de Gestão de Empreendedorismo Coletivo', 'Startup de design', 2023, NULL, 'QXD0197'),
('App de Prototipagem para Dispositivos Móveis', 'Teste em equipe', 2025, NULL, 'QXD0196'),
('Plataforma de Pesquisa Científica', 'Dados e metodologias colaborativas', 2024, NULL, 'QXD0110'),
('Sistema de Orientação de TCC', 'Acompanhamento de trabalhos', 2023, NULL, 'QXD0104'),
('Ferramenta de Gestão de Estágios', 'Controle de horas e atividades', 2025, NULL, 'QXD0112'),
('Plataforma de Publicação Acadêmica', 'Submissão e revisão de artigos', 2024, NULL, 'QXD0199'),
('Sistema de Cinema Colaborativo', 'Produção audiovisual em equipe', 2023, NULL, 'QXD0204'),
('App de Desenvolvimento Mobile em Time', 'iOS e Android compartilhados', 2025, NULL, 'QXD0102'),
('Plataforma de Desenvolvimento Web', 'Criação colaborativa de sites', 2024, NULL, 'QXD0020'),
('Sistema de Projetos Colaborativos', 'Design participativo', 2023, NULL, 'QXD0200'),
('Ferramenta de Educação Ambiental', 'Campanhas coletivas de conscientização', 2025, NULL, 'QXD0232'),
('Plataforma de Direitos Humanos', 'Design para causas sociais', 2024, NULL, 'PRG0004'),
('Sistema de Engenharia de Software', 'Metodologias ágeis para design', 2023, NULL, 'QXD0019'),
('Ferramenta de Engenharia Semiótica', 'Análise de comunicabilidade em equipe', 2025, NULL, 'QXD0201'),
('Plataforma de Ergonomia Colaborativa', 'Avaliação postural coletiva', 2024, NULL, 'QXD0202'),
('Sistema de Fotografia Compartilhada', 'Acervo colaborativo de imagens', 2023, NULL, 'QXD0203'),
('App de Inglês Instrumental', 'Aprendizado colaborativo para designers', 2025, NULL, 'QXD0035'),
('Plataforma de Computação Gráfica', 'Renderização colaborativa em nuvem', 2024, NULL, 'QXD0039'),
('Ferramenta de Desenvolvimento de Jogos', 'Game design em equipe', 2023, NULL, 'QXD0205'),
('Plataforma de Libras para Design', 'Acessibilidade colaborativa', 2025, NULL, 'QXD0113'),
('Sistema de Marketing Compartilhado', 'Estratégias coletivas de divulgação', 2024, NULL, 'QXD0206'),
('Ferramenta de Matemática para Designers', 'Cálculos colaborativos', 2023, NULL, 'QXD0056'),
('Plataforma de Práticas em Design', 'Portfólio coletivo de exercícios', 2025, NULL, 'QXD0207'),
('Sistema de Probabilidade e Estatística', 'Análise de dados colaborativa', 2024, NULL, 'QXD0012'),
('Ferramenta de Prototipação Rápida', 'Criação conjunta de mockups', 2023, NULL, 'QXD0208'),
('Plataforma de Realidade Virtual', 'Experiências imersivas em equipe', 2025, NULL, 'QXD0209'),
('Sistema de Redes Sociais', 'Análise colaborativa de métricas', 2024, NULL, 'QXD0075'),
('Ferramenta de Relações Étnico-Raciais', 'Design para diversidade', 2023, NULL, 'PRG0002'),
('Plataforma de Seminários Online', 'Eventos acadêmicos colaborativos', 2025, NULL, 'QXD0212'),
('Sistema de Sociologia e Antropologia', 'Pesquisas de campo coletivas', 2024, NULL, 'QXD0210'),
('App de User Experience', 'Pesquisa e design colaborativo de UX', 2025, NULL, 'QXD0211'),
('Plataforma de Gestão de Portfólio Coletivo', NULL, 2025, NULL, 'QXD0121'),
('Sistema de Curadoria Compartilhada de Conteúdo', NULL, 2024, NULL, 'QXD0122'),
('Ferramenta de Brainwriting Digital', NULL, 2023, NULL, 'QXD0123'),
('App de Decisão em Grupo', NULL, 2025, NULL, 'QXD0124'),
('Plataforma de Coleta de Dados em Campo', NULL, 2024, NULL, 'QXD0125'),
('Sistema de Análise de Tendências Colaborativa', NULL, 2023, NULL, 'QXD0128'),
('Ferramenta de Mapeamento de Stakeholders', NULL, 2025, NULL, 'QXD0130'),
('App de Matriz de Esforço vs Impacto', NULL, 2024, NULL, 'QXD0126'),
('Plataforma de Canvas de Projetos', NULL, 2023, NULL, 'QXD0127'),
('Sistema de Diagrama de Afinidade Online', NULL, 2025, NULL, 'QXD0129'),
('Ferramenta de Blueprint de Serviços', NULL, 2024, NULL, 'QXD0159'),
('App de Customer Journey Map Colaborativo', NULL, 2023, NULL, 'QXD0162'),
('Plataforma de Criação de Personas', NULL, 2025, NULL, 'QXD0161'),
('Sistema de Storytelling Coletivo', NULL, 2024, NULL, 'QXD0038'),
('Ferramenta de Wireframing em Equipe', NULL, 2023, NULL, 'QXD0160'),
('App de Prototipação Compartilhada', NULL, 2025, NULL, 'QXD0166'),
('Plataforma de Teste A/B Colaborativo', NULL, 2024, NULL, 'QXD0163'),
('Sistema de Heatmap Coletivo', NULL, 2023, NULL, 'QXD0189'),
('Ferramenta de Gravação de Sessões', NULL, 2025, NULL, 'QXD0164'),
('App de Análise de Clickstream', NULL, 2024, NULL, 'QXD0165'),
('Plataforma de Pesquisa Quantitativa', NULL, 2023, NULL, 'QXD0192'),
('Sistema de Dashboard Colaborativo', NULL, 2025, NULL, 'QXD0194'),
('Ferramenta de Report Automático', NULL, 2024, NULL, 'QXD0191'),
('App de Visualização de Dados Compartilhada', NULL, 2023, NULL, 'QXD0193'),
('Plataforma de Inteligência de Negócios Coletiva', NULL, 2025, NULL, 'QXD0190');

-- DML: inserção de 637 ferramentas em projetos

INSERT INTO ferr_proj (id_ferr, codigo_proj) VALUES
(1, 1), (2, 1), (36, 1),
(1, 2), (2, 2),
(1, 3), (2, 3), (36, 3),
(2, 4), (3, 4), (106, 4),
(2, 5), (5, 5), (6, 5),
(2, 6), (36, 6),
(2, 7), (10, 7),
(5, 8), (6, 8), (20, 8),
(2, 9), (38, 9),
(14, 10), (101, 10),
(5, 11), (20, 11),
(26, 12), (54, 12),
(26, 13), (71, 13),
(26, 14), (4, 14),
(1, 15), (2, 15),
(2, 16), (10, 16),
(1, 17), (2, 17), (3, 17),
(1, 18), (2, 18), (36, 18),
(26, 19), (86, 19),
(26, 20), (70, 20),
(2, 21), (36, 21),
(2, 22), (6, 22),
(1, 23), (2, 23), (3, 23),
(2, 24), (1, 24),
(2, 25), (36, 25),
(2, 26), (1, 26), (3, 26),
(26, 27), (4, 27),
(26, 28), (71, 28),
(26, 29), (54, 29),
(14, 30), (2, 30),
(14, 31), (2, 31),
(14, 32), (97, 32),
(125, 33), (126, 33),
(127, 34), (128, 34),
(89, 35), (90, 35),
(120, 36), (122, 36),
(1, 37), (2, 37), (36, 37),
(26, 38), (4, 38),
(2, 39), (1, 39),
(26, 40), (27, 40),
(26, 41), (93, 41),
(89, 42), (91, 42),
(1, 43), (2, 43),
(1, 44), (3, 44),
(2, 45), (3, 45),
(26, 46), (86, 46),
(120, 47), (121, 47),
(125, 48), (126, 48),
(26, 49), (54, 49),
(70, 50), (86, 50),
(26, 51), (64, 51),
(26, 52), (4, 52),
(26, 53), (93, 53),
(26, 54), (61, 54),
(26, 55), (28, 55),
(26, 56), (70, 56),
(26, 57), (64, 57),
(1, 58), (36, 58),
(2, 59), (106, 59),
(2, 60), (5, 60),
(2, 61), (10, 61),
(5, 62), (20, 62),
(2, 63), (1, 63),
(14, 64), (101, 64),
(5, 65), (20, 65),
(26, 66), (54, 66),
(26, 67), (71, 67),
(26, 68), (4, 68),
(1, 69), (2, 69),
(1, 70), (36, 70),
(2, 71), (10, 71),
(1, 72), (2, 72), (3, 72),
(26, 73), (86, 73),
(26, 74), (4, 74),
(26, 75), (93, 75),
(89, 76), (90, 76),
(2, 77), (5, 77),
(14, 78), (97, 78),
(14, 79), (2, 79),
(26, 80), (71, 80),
(26, 81), (64, 81),
(26, 82), (4, 82),
(1, 83), (36, 83),
(2, 84), (106, 84),
(2, 85), (5, 85),
(2, 86), (10, 86),
(5, 87), (20, 87),
(2, 88), (1, 88),
(14, 89), (101, 89),
(5, 90), (26, 90),
(1, 91), (36, 91),
(2, 92), (1, 92),
(2, 93), (106, 93),
(26, 94), (4, 94),
(26, 95), (86, 95),
(26, 96), (70, 96),
(1, 97), (36, 97),
(2, 98), (106, 98),
(2, 99), (5, 99),
(2, 100), (10, 100),
(5, 101), (20, 101),
(2, 102), (1, 102),
(14, 103), (101, 103),
(5, 104), (26, 104),
(1, 105), (36, 105),
(2, 106), (1, 106),
(2, 107), (106, 107),
(26, 108), (4, 108),
(26, 109), (86, 109),
(26, 110), (70, 110),
(1, 111), (36, 111),
(2, 112), (106, 112),
(2, 113), (5, 113),
(2, 114), (10, 114),
(5, 115), (20, 115),
(2, 116), (1, 116),
(14, 117), (101, 117),
(5, 118), (26, 118),
(1, 119), (36, 119),
(2, 120), (1, 120),
(2, 121), (106, 121),
(26, 122), (4, 122),
(26, 123), (86, 123),
(26, 124), (70, 124),
(26, 125), (54, 125),
(26, 126), (4, 126),
(26, 127), (93, 127),
(89, 128), (90, 128),
(26, 129), (70, 129),
(26, 130), (64, 130),
(26, 131), (4, 131),
(26, 132), (93, 132),
(1, 133), (36, 133),
(2, 134), (106, 134),
(2, 135), (5, 135),
(2, 136), (10, 136),
(5, 137), (20, 137),
(2, 138), (1, 138),
(14, 139), (101, 139),
(5, 140), (26, 140),
(1, 141), (36, 141),
(2, 142), (1, 142),
(2, 143), (106, 143),
(26, 144), (4, 144),
(26, 145), (86, 145),
(26, 146), (70, 146),
(1, 147), (36, 147),
(2, 148), (106, 148),
(2, 149), (5, 149),
(2, 150), (10, 150),
(5, 151), (20, 151),
(2, 152), (1, 152),
(14, 153), (101, 153),
(5, 154), (26, 154),
(1, 155), (36, 155),
(2, 156), (1, 156),
(2, 157), (106, 157),
(26, 158), (4, 158),
(26, 159), (86, 159),
(26, 160), (70, 160),
(26, 161), (54, 161),
(26, 162), (4, 162),
(26, 163), (93, 163),
(89, 164), (90, 164),
(26, 165), (70, 165),
(26, 166), (54, 166),
(26, 167), (4, 167),
(26, 168), (93, 168),
(1, 169), (36, 169),
(2, 170), (106, 170),
(2, 171), (5, 171),
(2, 172), (10, 172),
(5, 173), (20, 173),
(2, 174), (1, 174),
(14, 175), (101, 175),
(5, 176), (26, 176),
(1, 177), (36, 177),
(2, 178), (1, 178),
(2, 179), (106, 179),
(26, 180), (4, 180),
(26, 181), (86, 181),
(26, 182), (70, 182),
(1, 183), (36, 183),
(2, 184), (106, 184),
(2, 185), (5, 185),
(2, 186), (10, 186),
(5, 187), (20, 187),
(2, 188), (1, 188),
(14, 189), (101, 189),
(5, 190), (26, 190),
(1, 191), (36, 191),
(2, 192), (1, 192),
(2, 193), (106, 193),
(26, 194), (4, 194),
(26, 195), (86, 195),
(26, 196), (70, 196),
(26, 197), (54, 197),
(26, 198), (4, 198),
(26, 199), (93, 199),
(89, 200), (90, 200),
(26, 201), (70, 201),
(26, 202), (54, 202),
(26, 203), (4, 203),
(26, 204), (93, 204),
(1, 205), (36, 205),
(2, 206), (106, 206),
(2, 207), (5, 207),
(2, 208), (10, 208),
(5, 209), (20, 209),
(2, 210), (1, 210),
(14, 211), (101, 211),
(5, 212), (26, 212),
(1, 213), (36, 213),
(2, 214), (1, 214),
(2, 215), (106, 215),
(26, 216), (4, 216),
(26, 217), (86, 217),
(26, 218), (70, 218),
(1, 219), (36, 219),
(2, 220), (106, 220),
(2, 221), (5, 221),
(2, 222), (10, 222),
(5, 223), (20, 223),
(2, 224), (1, 224),
(14, 225), (101, 225),
(5, 226), (26, 226),
(1, 227), (36, 227),
(2, 228), (1, 228),
(2, 229), (106, 229),
(26, 230), (4, 230),
(26, 231), (86, 231),
(26, 232), (70, 232),
(26, 233), (54, 233),
(26, 234), (4, 234),
(26, 235), (93, 235),
(89, 236), (90, 236),
(26, 237), (70, 237),
(26, 238), (54, 238),
(26, 239), (4, 239),
(26, 240), (93, 240),
(26, 241), (86, 241),
(26, 242), (70, 242),
(26, 243), (54, 243),
(26, 244), (4, 244),
(26, 245), (93, 245),
(89, 246), (90, 246),
(26, 247), (70, 247),
(26, 248), (54, 248),
(26, 249), (4, 249),
(26, 250), (93, 250),
(1, 251), (36, 251),
(2, 252), (106, 252),
(2, 253), (5, 253),
(2, 254), (10, 254),
(5, 255), (20, 255),
(2, 256), (1, 256),
(14, 257), (101, 257),
(5, 258), (26, 258),
(1, 259), (36, 259),
(2, 260), (1, 260),
(2, 261), (106, 261),
(26, 262), (4, 262),
(26, 263), (86, 263),
(26, 264), (70, 264),
(1, 265), (36, 265),
(2, 266), (106, 266),
(2, 267), (5, 267),
(2, 268), (10, 268),
(5, 269), (20, 269),
(2, 270), (1, 270),
(14, 271), (101, 271),
(5, 272), (26, 272),
(1, 273), (36, 273),
(2, 274), (1, 274),
(2, 275), (106, 275),
(26, 276), (4, 276),
(26, 277), (86, 277),
(26, 278), (70, 278),
(26, 279), (54, 279),
(26, 280), (4, 280),
(26, 281), (93, 281),
(89, 282), (90, 282),
(26, 283), (70, 283),
(26, 284), (54, 284),
(26, 285), (4, 285),
(26, 286), (93, 286),
(1, 287), (36, 287),
(2, 288), (106, 288),
(2, 289), (5, 289),
(2, 290), (10, 290),
(5, 291), (20, 291),
(2, 292), (1, 292),
(14, 293), (101, 293),
(5, 294), (26, 294),
(1, 295), (36, 295),
(2, 296), (1, 296),
(2, 297), (106, 297),
(26, 298), (4, 298),
(26, 299), (86, 299),
(26, 300), (70, 300),
(26, 301), (54, 301),
(26, 302), (4, 302),
(26, 303), (93, 303),
(89, 304), (90, 304),
(26, 305), (70, 305),
(26, 306), (54, 306),
(26, 307), (4, 307),
(26, 308), (93, 308),
(1, 309), (36, 309),
(2, 310), (106, 310),
(2, 311), (5, 311),
(2, 312), (10, 312),
(5, 313), (20, 313);

-- DML: inserção de 124 projetos em equipe na tabela associativa

INSERT INTO trabalho_em_equipe (codigo_proj, codigo_equipe) VALUES
(190, 1),
(191, 1),
(192, 2),
(193, 3),
(194, 4),
(195, 3),
(196, 2),
(197, 5),
(198, 5),
(199, 4),
(200, 3),
(201, 6),
(202, 6),
(203, 2),
(204, 7),
(205, 8),
(206, 2),
(207, 9),
(208, 7),
(209, 8),
(210, 9),
(211, 10),
(212, 11),
(213, 12),
(214, 13),
(215, 14),
(216, 15),
(217, 16),
(218, 17),
(219, 18),
(220, 19),
(221, 20),
(222, 21),
(223, 22),
(224, 23),
(225, 24),
(226, 25),
(227, 26),
(228, 27),
(229, 28),
(230, 29),
(231, 30),
(232, 29),
(233, 31),
(234, 32),
(235, 33),
(236, 34),
(237, 35),
(238, 36),
(239, 37),
(240, 38),
(241, 39),
(242, 40),
(243, 41),
(244, 39),
(245, 42),
(246, 39),
(247, 43),
(248, 44),
(249, 45),
(250, 46),
(251, 47),
(252, 10),
(253, 48),
(254, 49),
(255, 50),
(256, 49),
(257, 29),
(258, 28),
(259, 43),
(260, 66),
(261, 114),
(262, 73),
(263, 31),
(264, 17),
(265, 43),
(266, 40),
(267, 27),
(268, 26),
(269, 27),
(270, 39),
(271, 13),
(272, 14),
(273, 20),
(274, 94),
(275, 55),
(276, 34),
(277, 30),
(278, 73),
(279, 73),
(280, 68),
(281, 51),
(282, 55),
(283, 35),
(284, 73),
(285, 26),
(286, 28),
(287, 29),
(288, 30),
(289, 1),
(290, 39),
(291, 51),
(292, 118),
(293, 29),
(294, 68),
(295, 28),
(296, 73),
(297, 32),
(298, 51),
(299, 55),
(300, 29),
(301, 30),
(302, 33),
(303, 55),
(304, 55),
(305, 30),
(306, 73),
(307, 73),
(308, 73),
(309, 73),
(310, 92),
(311, 73),
(312, 92),
(313, 92);

-- DML: inserção de 150 imagens

INSERT INTO imagem (url_imagem) VALUES
('https://storage.projetos.com/img-1.jpg'),
('https://storage.projetos.com/img-2.jpg'),
('https://storage.projetos.com/img-3.jpg'),
('https://storage.projetos.com/img-4.jpg'),
('https://storage.projetos.com/img-5.jpg'),
('https://storage.projetos.com/img-6.jpg'),
('https://storage.projetos.com/img-7.jpg'),
('https://storage.projetos.com/img-8.jpg'),
('https://storage.projetos.com/img-9.jpg'),
('https://storage.projetos.com/img-10.jpg'),
('https://storage.projetos.com/img-11.jpg'),
('https://storage.projetos.com/img-12.jpg'),
('https://storage.projetos.com/img-13.jpg'),
('https://storage.projetos.com/img-14.jpg'),
('https://storage.projetos.com/img-15.jpg'),
('https://storage.projetos.com/img-16.jpg'),
('https://storage.projetos.com/img-17.jpg'),
('https://storage.projetos.com/img-18.jpg'),
('https://storage.projetos.com/img-19.jpg'),
('https://storage.projetos.com/img-20.jpg'),
('https://storage.projetos.com/img-21.jpg'),
('https://storage.projetos.com/img-22.jpg'),
('https://storage.projetos.com/img-23.jpg'),
('https://storage.projetos.com/img-24.jpg'),
('https://storage.projetos.com/img-25.jpg'),
('https://storage.projetos.com/img-26.jpg'),
('https://storage.projetos.com/img-27.jpg'),
('https://storage.projetos.com/img-28.jpg'),
('https://storage.projetos.com/img-29.jpg'),
('https://storage.projetos.com/img-30.jpg'),
('https://storage.projetos.com/img-31.jpg'),
('https://storage.projetos.com/img-32.jpg'),
('https://storage.projetos.com/img-33.jpg'),
('https://storage.projetos.com/img-34.jpg'),
('https://storage.projetos.com/img-35.jpg'),
('https://storage.projetos.com/img-36.jpg'),
('https://storage.projetos.com/img-37.jpg'),
('https://storage.projetos.com/img-38.jpg'),
('https://storage.projetos.com/img-39.jpg'),
('https://storage.projetos.com/img-40.jpg'),
('https://storage.projetos.com/img-41.jpg'),
('https://storage.projetos.com/img-42.jpg'),
('https://storage.projetos.com/img-43.jpg'),
('https://storage.projetos.com/img-44.jpg'),
('https://storage.projetos.com/img-45.jpg'),
('https://storage.projetos.com/img-46.jpg'),
('https://storage.projetos.com/img-47.jpg'),
('https://storage.projetos.com/img-48.jpg'),
('https://storage.projetos.com/img-49.jpg'),
('https://storage.projetos.com/img-50.jpg'),
('https://storage.projetos.com/img-51.jpg'),
('https://storage.projetos.com/img-52.jpg'),
('https://storage.projetos.com/img-53.jpg'),
('https://storage.projetos.com/img-54.jpg'),
('https://storage.projetos.com/img-55.jpg'),
('https://storage.projetos.com/img-56.jpg'),
('https://storage.projetos.com/img-57.jpg'),
('https://storage.projetos.com/img-58.jpg'),
('https://storage.projetos.com/img-59.jpg'),
('https://storage.projetos.com/img-60.jpg'),
('https://storage.projetos.com/img-61.jpg'),
('https://storage.projetos.com/img-62.jpg'),
('https://storage.projetos.com/img-63.jpg'),
('https://storage.projetos.com/img-64.jpg'),
('https://storage.projetos.com/img-65.jpg'),
('https://storage.projetos.com/img-66.jpg'),
('https://storage.projetos.com/img-67.jpg'),
('https://storage.projetos.com/img-68.jpg'),
('https://storage.projetos.com/img-69.jpg'),
('https://storage.projetos.com/img-70.jpg'),
('https://storage.projetos.com/img-71.jpg'),
('https://storage.projetos.com/img-72.jpg'),
('https://storage.projetos.com/img-73.jpg'),
('https://storage.projetos.com/img-74.jpg'),
('https://storage.projetos.com/img-75.jpg'),
('https://storage.projetos.com/img-76.jpg'),
('https://storage.projetos.com/img-77.jpg'),
('https://storage.projetos.com/img-78.jpg'),
('https://storage.projetos.com/img-79.jpg'),
('https://storage.projetos.com/img-80.jpg'),
('https://storage.projetos.com/img-81.jpg'),
('https://storage.projetos.com/img-82.jpg'),
('https://storage.projetos.com/img-83.jpg'),
('https://storage.projetos.com/img-84.jpg'),
('https://storage.projetos.com/img-85.jpg'),
('https://storage.projetos.com/img-86.jpg'),
('https://storage.projetos.com/img-87.jpg'),
('https://storage.projetos.com/img-88.jpg'),
('https://storage.projetos.com/img-89.jpg'),
('https://storage.projetos.com/img-90.jpg'),
('https://storage.projetos.com/img-91.jpg'),
('https://storage.projetos.com/img-92.jpg'),
('https://storage.projetos.com/img-93.jpg'),
('https://storage.projetos.com/img-94.jpg'),
('https://storage.projetos.com/img-95.jpg'),
('https://storage.projetos.com/img-96.jpg'),
('https://storage.projetos.com/img-97.jpg'),
('https://storage.projetos.com/img-98.jpg'),
('https://storage.projetos.com/img-99.jpg'),
('https://storage.projetos.com/img-100.jpg'),
('https://storage.projetos.com/img-101.jpg'),
('https://storage.projetos.com/img-102.jpg'),
('https://storage.projetos.com/img-103.jpg'),
('https://storage.projetos.com/img-104.jpg'),
('https://storage.projetos.com/img-105.jpg'),
('https://storage.projetos.com/img-106.jpg'),
('https://storage.projetos.com/img-107.jpg'),
('https://storage.projetos.com/img-108.jpg'),
('https://storage.projetos.com/img-109.jpg'),
('https://storage.projetos.com/img-110.jpg'),
('https://storage.projetos.com/img-111.jpg'),
('https://storage.projetos.com/img-112.jpg'),
('https://storage.projetos.com/img-113.jpg'),
('https://storage.projetos.com/img-114.jpg'),
('https://storage.projetos.com/img-115.jpg'),
('https://storage.projetos.com/img-116.jpg'),
('https://storage.projetos.com/img-117.jpg'),
('https://storage.projetos.com/img-118.jpg'),
('https://storage.projetos.com/img-119.jpg'),
('https://storage.projetos.com/img-120.jpg'),
('https://storage.projetos.com/img-121.jpg'),
('https://storage.projetos.com/img-122.jpg'),
('https://storage.projetos.com/img-123.jpg'),
('https://storage.projetos.com/img-124.jpg'),
('https://storage.projetos.com/img-125.jpg'),
('https://storage.projetos.com/img-126.jpg'),
('https://storage.projetos.com/img-127.jpg'),
('https://storage.projetos.com/img-128.jpg'),
('https://storage.projetos.com/img-129.jpg'),
('https://storage.projetos.com/img-130.jpg'),
('https://storage.projetos.com/img-131.jpg'),
('https://storage.projetos.com/img-132.jpg'),
('https://storage.projetos.com/img-133.jpg'),
('https://storage.projetos.com/img-134.jpg'),
('https://storage.projetos.com/img-135.jpg'),
('https://storage.projetos.com/img-136.jpg'),
('https://storage.projetos.com/img-137.jpg'),
('https://storage.projetos.com/img-138.jpg'),
('https://storage.projetos.com/img-139.jpg'),
('https://storage.projetos.com/img-140.jpg'),
('https://storage.projetos.com/img-141.jpg'),
('https://storage.projetos.com/img-142.jpg'),
('https://storage.projetos.com/img-143.jpg'),
('https://storage.projetos.com/img-144.jpg'),
('https://storage.projetos.com/img-145.jpg'),
('https://storage.projetos.com/img-146.jpg'),
('https://storage.projetos.com/img-147.jpg'),
('https://storage.projetos.com/img-148.jpg'),
('https://storage.projetos.com/img-149.jpg'),
('https://storage.projetos.com/img-150.jpg');

-- DML: inserção de 130 galerias

INSERT INTO galeria (url_capa, codigo_proj) VALUES
('https://storage.projetos.com/img-1.jpg', 1),
('https://storage.projetos.com/img-2.jpg', 2),
('https://storage.projetos.com/img-3.jpg', 3),
('https://storage.projetos.com/img-4.jpg', 4),
('https://storage.projetos.com/img-5.jpg', 5),
('https://storage.projetos.com/img-6.jpg', 6),
('https://storage.projetos.com/img-7.jpg', 7),
('https://storage.projetos.com/img-8.jpg', 8),
('https://storage.projetos.com/img-9.jpg', 9),
('https://storage.projetos.com/img-10.jpg', 10),
('https://storage.projetos.com/img-11.jpg', 11),
('https://storage.projetos.com/img-12.jpg', 12),
('https://storage.projetos.com/img-13.jpg', 13),
('https://storage.projetos.com/img-14.jpg', 14),
('https://storage.projetos.com/img-15.jpg', 15),
('https://storage.projetos.com/img-16.jpg', 16),
('https://storage.projetos.com/img-17.jpg', 17),
('https://storage.projetos.com/img-18.jpg', 18),
('https://storage.projetos.com/img-19.jpg', 19),
('https://storage.projetos.com/img-20.jpg', 20),
('https://storage.projetos.com/img-21.jpg', 21),
('https://storage.projetos.com/img-22.jpg', 22),
('https://storage.projetos.com/img-23.jpg', 23),
('https://storage.projetos.com/img-24.jpg', 24),
('https://storage.projetos.com/img-25.jpg', 25),
('https://storage.projetos.com/img-26.jpg', 26),
('https://storage.projetos.com/img-27.jpg', 27),
('https://storage.projetos.com/img-28.jpg', 28),
('https://storage.projetos.com/img-29.jpg', 29),
('https://storage.projetos.com/img-30.jpg', 30),
('https://storage.projetos.com/img-31.jpg', 31),
('https://storage.projetos.com/img-32.jpg', 32),
('https://storage.projetos.com/img-33.jpg', 33),
('https://storage.projetos.com/img-34.jpg', 34),
('https://storage.projetos.com/img-35.jpg', 35),
('https://storage.projetos.com/img-36.jpg', 36),
('https://storage.projetos.com/img-37.jpg', 37),
('https://storage.projetos.com/img-38.jpg', 38),
('https://storage.projetos.com/img-39.jpg', 39),
('https://storage.projetos.com/img-40.jpg', 40),
('https://storage.projetos.com/img-41.jpg', 41),
('https://storage.projetos.com/img-42.jpg', 42),
('https://storage.projetos.com/img-43.jpg', 43),
('https://storage.projetos.com/img-44.jpg', 44),
('https://storage.projetos.com/img-45.jpg', 45),
('https://storage.projetos.com/img-46.jpg', 46),
('https://storage.projetos.com/img-47.jpg', 47),
('https://storage.projetos.com/img-48.jpg', 48),
('https://storage.projetos.com/img-49.jpg', 49),
('https://storage.projetos.com/img-50.jpg', 50),
('https://storage.projetos.com/img-51.jpg', 51),
('https://storage.projetos.com/img-52.jpg', 52),
('https://storage.projetos.com/img-53.jpg', 53),
('https://storage.projetos.com/img-54.jpg', 54),
('https://storage.projetos.com/img-55.jpg', 55),
('https://storage.projetos.com/img-56.jpg', 56),
('https://storage.projetos.com/img-57.jpg', 57),
('https://storage.projetos.com/img-58.jpg', 58),
('https://storage.projetos.com/img-59.jpg', 59),
('https://storage.projetos.com/img-60.jpg', 60),
('https://storage.projetos.com/img-61.jpg', 61),
('https://storage.projetos.com/img-62.jpg', 62),
('https://storage.projetos.com/img-63.jpg', 63),
('https://storage.projetos.com/img-64.jpg', 64),
('https://storage.projetos.com/img-65.jpg', 65),
('https://storage.projetos.com/img-66.jpg', 66),
('https://storage.projetos.com/img-67.jpg', 67),
('https://storage.projetos.com/img-68.jpg', 68),
('https://storage.projetos.com/img-69.jpg', 69),
('https://storage.projetos.com/img-70.jpg', 70),
('https://storage.projetos.com/img-71.jpg', 71),
('https://storage.projetos.com/img-72.jpg', 72),
('https://storage.projetos.com/img-73.jpg', 73),
('https://storage.projetos.com/img-74.jpg', 74),
('https://storage.projetos.com/img-75.jpg', 75),
('https://storage.projetos.com/img-76.jpg', 76),
('https://storage.projetos.com/img-77.jpg', 77),
('https://storage.projetos.com/img-78.jpg', 78),
('https://storage.projetos.com/img-79.jpg', 79),
('https://storage.projetos.com/img-80.jpg', 80),
('https://storage.projetos.com/img-81.jpg', 81),
('https://storage.projetos.com/img-82.jpg', 82),
('https://storage.projetos.com/img-83.jpg', 83),
('https://storage.projetos.com/img-84.jpg', 84),
('https://storage.projetos.com/img-85.jpg', 85),
('https://storage.projetos.com/img-86.jpg', 86),
('https://storage.projetos.com/img-87.jpg', 87),
('https://storage.projetos.com/img-88.jpg', 88),
('https://storage.projetos.com/img-89.jpg', 89),
('https://storage.projetos.com/img-90.jpg', 90),
('https://storage.projetos.com/img-91.jpg', 91),
('https://storage.projetos.com/img-92.jpg', 92),
('https://storage.projetos.com/img-93.jpg', 93),
('https://storage.projetos.com/img-94.jpg', 94),
('https://storage.projetos.com/img-95.jpg', 95),
('https://storage.projetos.com/img-96.jpg', 96),
('https://storage.projetos.com/img-97.jpg', 97),
('https://storage.projetos.com/img-98.jpg', 98),
('https://storage.projetos.com/img-99.jpg', 99),
('https://storage.projetos.com/img-100.jpg', 100),
('https://storage.projetos.com/img-101.jpg', 101),
('https://storage.projetos.com/img-102.jpg', 102),
('https://storage.projetos.com/img-103.jpg', 103),
('https://storage.projetos.com/img-104.jpg', 104),
('https://storage.projetos.com/img-105.jpg', 105),
('https://storage.projetos.com/img-106.jpg', 106),
('https://storage.projetos.com/img-107.jpg', 107),
('https://storage.projetos.com/img-108.jpg', 108),
('https://storage.projetos.com/img-109.jpg', 109),
('https://storage.projetos.com/img-110.jpg', 110),
('https://storage.projetos.com/img-111.jpg', 111),
('https://storage.projetos.com/img-112.jpg', 112),
('https://storage.projetos.com/img-113.jpg', 113),
('https://storage.projetos.com/img-114.jpg', 114),
('https://storage.projetos.com/img-115.jpg', 115),
('https://storage.projetos.com/img-116.jpg', 116),
('https://storage.projetos.com/img-117.jpg', 117),
('https://storage.projetos.com/img-118.jpg', 118),
('https://storage.projetos.com/img-119.jpg', 119),
('https://storage.projetos.com/img-120.jpg', 120),
('https://storage.projetos.com/img-121.jpg', 121),
('https://storage.projetos.com/img-122.jpg', 122),
('https://storage.projetos.com/img-123.jpg', 123),
('https://storage.projetos.com/img-124.jpg', 124),
('https://storage.projetos.com/img-125.jpg', 125),
('https://storage.projetos.com/img-126.jpg', 126),
('https://storage.projetos.com/img-127.jpg', 127),
('https://storage.projetos.com/img-128.jpg', 128),
('https://storage.projetos.com/img-129.jpg', 129),
('https://storage.projetos.com/img-130.jpg', 130);

-- DML: inserção das 150 imagens nas galerias

INSERT INTO imagem_galeria (id_imagem, codigo_galeria) VALUES
(1, 1),
(2, 1),
(3, 1),
(4, 2),
(5, 2),
(6, 2),
(7, 3),
(8, 3),
(9, 4),
(10, 4),
(11, 4),
(12, 5),
(13, 5),
(14, 6),
(15, 6),
(16, 6),
(17, 7),
(18, 7),
(19, 8),
(20, 8),
(21, 9),
(22, 9),
(23, 9),
(24, 10),
(25, 10),
(26, 11),
(27, 11),
(28, 11),
(29, 12),
(30, 12),
(31, 13),
(32, 13),
(33, 14),
(34, 14),
(35, 15),
(36, 15),
(37, 15),
(38, 16),
(39, 16),
(40, 17),
(41, 17),
(42, 18),
(43, 18),
(44, 18),
(45, 19),
(46, 19),
(47, 20),
(48, 20),
(49, 20),
(50, 21),
(51, 21),
(52, 22),
(53, 22),
(54, 23),
(55, 23),
(56, 23),
(57, 24),
(58, 24),
(59, 25),
(60, 25),
(61, 26),
(62, 26),
(63, 27),
(64, 27),
(65, 28),
(66, 28),
(67, 28),
(68, 29),
(69, 29),
(70, 30),
(71, 30),
(72, 31),
(73, 31),
(74, 32),
(75, 32),
(76, 33),
(77, 33),
(78, 34),
(79, 34),
(80, 35),
(81, 35),
(82, 36),
(83, 36),
(84, 37),
(85, 37),
(86, 38),
(87, 38),
(88, 39),
(89, 39),
(90, 40),
(91, 40),
(92, 41),
(93, 41),
(94, 42),
(95, 42),
(96, 43),
(97, 43),
(98, 44),
(99, 44),
(100, 45),
(101, 45),
(102, 46),
(103, 46),
(104, 47),
(105, 47),
(106, 48),
(107, 48),
(108, 49),
(109, 49),
(110, 50),
(111, 50),
(112, 51),
(113, 51),
(114, 52),
(115, 52),
(116, 53),
(117, 53),
(118, 54),
(119, 54),
(120, 55),
(121, 55),
(122, 56),
(123, 56),
(124, 57),
(125, 57),
(126, 58),
(127, 58),
(128, 59),
(129, 59),
(130, 60),
(131, 61),
(132, 61),
(133, 61),
(134, 62),
(135, 62),
(136, 63),
(137, 63),
(138, 64),
(139, 64),
(140, 65),
(141, 65),
(142, 66),
(143, 66),
(144, 67),
(145, 67),
(146, 68),
(147, 68),
(148, 69),
(149, 69),
(150, 70);